,Unnamed: 0,Player,Pos,Games,ADP,Pass Comp,Pass Att,Pass Yds,Pass Yds Per Game,Pass Yds Avg,Pass TD,Pass TD Per Game,Int,Rush Att,Rush Yds,Rush Yds Per Game,Rush Yds Avg,Rush TD,Rush TD Per Game,Rec,Rec Yds,Rec Yds Per Game,Rec Yds Avg,Rec TD,Rec TD Per Game,Fumbles Lost,Fantasy Total,Fantasy Avg,UID,Rush Avg,Rec Avg,Year
0,0,Adrian Peterson,RB,16,1.34,0,0,0,0.0,0.0,0,0.0,0,279,1266,79.125,0,10,0.625,29,171,10.6875,0,1,0.0625,3,203.7,12.731249999999998,AdrianPeterson1,4.537634408602151,5.896551724137932,2013
1,0,Doug Martin,RB,8,3.41,0,0,0,0.0,0.0,0,0.0,0,127,456,57.0,0,1,0.125,12,66,8.25,0,0,0.0,1,56.2,7.025,DougMartin2,3.5905511811023616,5.5,2013
2,0,Arian Foster,RB,9,4.71,0,0,0,0.0,0.0,0,0.0,0,121,542,60.22222222222222,0,1,0.1111111111111111,22,183,20.33333333333333,0,1,0.1111111111111111,0,84.49999999999999,9.388888888888888,ArianFoster3,4.4793388429752055,8.318181818181818,2013
3,0,Jamaal Charles,RB,16,6.54,0,0,0,0.0,0.0,0,0.0,0,259,1287,80.4375,0,12,0.75,70,693,43.3125,0,7,0.4375,2,308.0,19.25,JamaalCharles4,4.969111969111969,9.9,2013
4,0,Calvin Johnson,WR,16,6.99,0,0,0,0.0,0.0,0,0.0,0,0,0,0.0,0,0,0.0,84,1492,93.25,0,12,0.75,1,219.2,13.7,CalvinJohnson5,17.761904761904766,,2013
5,0,Ray Rice,RB,16,8.12,0,0,0,0.0,0.0,0,0.0,0,214,660,41.25,0,4,0.25,58,321,20.0625,0,0,0.0,2,118.1,7.38125,RayRice6,3.0841121495327104,5.5344827586206895,2013
6,0,C.J. Spiller,RB,16,8.18,0,0,0,0.0,0.0,0,0.0,0,202,933,58.3125,0,2,0.125,33,185,11.5625,0,0,0.0,1,121.8,7.6125,CJSpiller7,4.618811881188119,5.606060606060606,2013
7,0,Trent Richardson,RB,16,9.27,0,0,0,0.0,0.0,0,0.0,0,188,563,35.1875,0,3,0.1875,35,316,19.75,0,1,0.0625,1,109.9,6.86875,TrentRichardson8,2.9946808510638303,9.028571428571428,2013
8,0,Marshawn Lynch,RB,16,9.37,0,0,0,0.0,0.0,0,0.0,0,301,1257,78.5625,0,12,0.75,36,316,19.75,0,2,0.125,1,239.3,14.95625,MarshawnLynch9,4.176079734219268,8.777777777777779,2013
9,0,LeSean McCoy,RB,16,9.67,0,0,0,0.0,0.0,0,0.0,0,314,1607,100.4375,0,9,0.5625,52,539,33.6875,0,2,0.125,1,278.6,17.412499999999998,LeSeanMcCoy10,5.117834394904459,10.365384615384617,2013
10,0,A.J. Green,WR,16,15.31,0,0,0,0.0,0.0,0,0.0,0,0,0,0.0,0,0,0.0,98,1426,89.125,0,11,0.6875,0,208.6,13.0375,AJGreen11,14.551020408163266,,2013
11,0,Alfred Morris,RB,16,15.36,0,0,0,0.0,0.0,0,0.0,0,276,1275,79.6875,0,7,0.4375,9,78,4.875,0,0,0.0,4,169.30000000000004,10.581250000000002,AlfredMorris12,4.619565217391305,8.666666666666666,2013
12,0,Matt Forte,RB,16,15.68,0,0,0,0.0,0.0,0,0.0,0,289,1339,83.6875,0,9,0.5625,74,594,37.125,0,3,0.1875,2,261.3,16.33125,MattForte13,4.633217993079585,8.027027027027026,2013
13,0,Dez Bryant,WR,16,15.83,0,0,0,0.0,0.0,0,0.0,0,1,1,0.0625,0,0,0.0,93,1233,77.0625,0,13,0.8125,1,199.40000000000003,12.462500000000002,DezBryant14,1.0,13.258064516129034,2013
14,0,Aaron Rodgers,QB,16,16.14,193,290,2536,158.5,13.139896373056994,17,1.0625,6,30,120,7.5,0,0,0.0,0,0,0.0,0,0,0.0,0,169.44,10.59,AaronRodgers15,4.0,,2013
15,0,Drew Brees,QB,16,18.23,446,650,5162,322.625,11.573991031390134,39,2.4375,12,35,52,3.25,0,3,0.1875,0,0,0.0,0,0,0.0,2,357.67999999999995,22.355,DrewBrees16,1.4857142857142858,,2013
16,0,Brandon Marshall,WR,16,19.5,0,0,0,0.0,0.0,0,0.0,0,0,0,0.0,0,0,0.0,100,1295,80.9375,0,12,0.75,0,201.5,12.59375,BrandonMarshall17,12.95,,2013
17,0,Julio Jones,WR,5,20.18,0,0,0,0.0,0.0,0,0.0,0,1,7,1.4,0,0,0.0,41,580,116.0,0,2,0.4,1,68.7,13.74,JulioJones18,7.0,14.146341463414636,2013
18,0,Jimmy Graham,TE,16,20.32,0,0,0,0.0,0.0,0,0.0,0,0,0,0.0,0,0,0.0,86,1215,75.9375,0,16,1.0,0,217.50000000000003,13.593750000000002,JimmyGraham19,14.127906976744184,,2013
19,0,Chris Johnson,RB,16,21.77,0,0,0,0.0,0.0,0,0.0,0,279,1077,67.3125,0,6,0.375,42,345,21.5625,0,4,0.25,2,198.2,12.3875,ChrisJohnson20,3.8602150537634414,8.214285714285714,2013
20,0,Steven Jackson,RB,16,22.39,0,0,0,0.0,0.0,0,0.0,0,157,543,33.9375,0,6,0.375,33,191,11.9375,0,1,0.0625,0,115.4,7.2125,StevenJackson21,3.4585987261146496,5.787878787878787,2013
21,0,Demaryius Thomas,WR,16,23.06,0,0,0,0.0,0.0,0,0.0,0,0,0,0.0,0,0,0.0,92,1430,89.375,0,14,0.875,0,227.00000000000003,14.187500000000002,DemaryiusThomas22,15.543478260869565,,2013
22,0,Maurice Jones-Drew,RB,16,27.23,0,0,0,0.0,0.0,0,0.0,0,234,803,50.1875,0,5,0.3125,43,314,19.625,0,0,0.0,1,139.7,8.73125,MauriceJonesDrew23,3.4316239316239314,7.302325581395348,2013
23,0,Reggie Bush,RB,16,27.52,0,0,0,0.0,0.0,0,0.0,0,223,1006,62.875,0,4,0.25,54,506,31.625,0,3,0.1875,4,185.2,11.575,ReggieBush24,4.511210762331839,9.370370370370368,2013
24,0,Larry Fitzgerald,WR,16,27.87,0,0,0,0.0,0.0,0,0.0,0,2,8,0.5,0,0,0.0,82,954,59.625,0,10,0.625,1,154.20000000000005,9.6375,LarryFitzgerald25,4.0,11.634146341463413,2013
25,0,Peyton Manning,QB,16,28.98,450,659,5477,342.3125,12.171111111111115,55,3.4375,10,32,-31,-1.9375,0,1,0.0625,0,0,0.0,0,0,0.0,6,409.98,25.62375,PeytonManning26,-0.96875,,2013
26,0,Andre Johnson,WR,16,29.48,0,0,0,0.0,0.0,0,0.0,0,0,0,0.0,0,0,0.0,109,1407,87.9375,0,5,0.3125,0,170.70000000000005,10.668750000000003,AndreJohnson27,12.908256880733946,,2013
27,0,Stevan Ridley,RB,16,30.57,0,0,0,0.0,0.0,0,0.0,0,178,773,48.3125,0,7,0.4375,10,62,3.875,0,0,0.0,4,117.50000000000004,7.343750000000003,StevanRidley28,4.342696629213482,6.2,2013
28,0,Randall Cobb,WR,6,30.77,0,0,0,0.0,0.0,0,0.0,0,4,78,13.0,0,0,0.0,31,433,72.16666666666667,0,4,0.6666666666666666,0,75.10000000000002,12.516666666666667,RandallCobb29,19.5,13.967741935483868,2013
29,0,Roddy White,WR,16,32.49,0,0,0,0.0,0.0,0,0.0,0,0,0,0.0,0,0,0.0,63,711,44.4375,0,3,0.1875,1,87.1,5.44375,RoddyWhite30,11.285714285714285,,2013
30,0,Victor Cruz,WR,16,34.83,0,0,0,0.0,0.0,0,0.0,0,0,0,0.0,0,0,0.0,73,998,62.375,0,4,0.25,1,121.8,7.6125,VictorCruz31,13.67123287671233,,2013
31,0,DeMarco Murray,RB,16,35.1,0,0,0,0.0,0.0,0,0.0,0,217,1121,70.0625,0,9,0.5625,53,350,21.875,0,1,0.0625,1,205.1,12.81875,DeMarcoMurray32,5.1658986175115205,6.60377358490566,2013
32,0,David Wilson,RB,8,36.23,0,0,0,0.0,0.0,0,0.0,0,44,146,18.25,0,1,0.125,2,8,1.0,0,0,0.0,2,17.4,2.175,DavidWilson33,3.3181818181818183,4.0,2013
33,0,Frank Gore,RB,16,36.33,0,0,0,0.0,0.0,0,0.0,0,276,1128,70.5,0,9,0.5625,16,141,8.8125,0,0,0.0,3,174.90000000000003,10.931250000000002,FrankGore34,4.086956521739131,8.8125,2013
34,0,Darren Sproles,RB,16,37.26,0,0,0,0.0,0.0,0,0.0,0,53,220,13.75,0,2,0.125,71,604,37.75,0,2,0.125,2,102.4,6.4,DarrenSproles35,4.150943396226415,8.507042253521126,2013
35,0,Tom Brady,QB,16,38.61,380,628,4343,271.4375,11.428947368421055,25,1.5625,11,32,18,1.125,0,0,0.0,0,0,0.0,0,0,0.0,3,247.52,15.47,TomBrady36,0.5625,,2013
36,0,Vincent Jackson,WR,16,39.43,0,0,0,0.0,0.0,0,0.0,0,1,0,0.0,0,0,0.0,78,1224,76.5,0,7,0.4375,0,164.4,10.275,VincentJackson37,0.0,15.692307692307693,2013
37,0,Cam Newton,QB,16,39.59,292,473,3379,211.1875,11.571917808219178,24,1.5,13,111,585,36.5625,0,6,0.375,0,0,0.0,0,0,0.0,1,297.66,18.60375,CamNewton38,5.270270270270269,,2013
38,0,Wes Welker,WR,16,41.34,0,0,0,0.0,0.0,0,0.0,0,0,0,0.0,0,0,0.0,73,778,48.625,0,10,0.625,1,135.79999999999998,8.487499999999999,WesWelker39,10.657534246575343,,2013
39,0,Darren McFadden,RB,16,41.98,0,0,0,0.0,0.0,0,0.0,0,114,379,23.6875,0,5,0.3125,17,108,6.75,0,0,0.0,1,76.69999999999997,4.793749999999998,DarrenMcFadden40,3.3245614035087723,6.352941176470589,2013
40,0,Rob Gronkowski,TE,13,44.84,0,0,0,0.0,0.0,0,0.0,0,0,0,0.0,0,0,0.0,39,592,45.53846153846154,0,4,0.3076923076923077,0,83.2,6.4,RobGronkowski41,15.17948717948718,,2013
41,0,Marques Colston,WR,16,45.53,0,0,0,0.0,0.0,0,0.0,0,0,0,0.0,0,0,0.0,75,943,58.9375,0,5,0.3125,0,124.3,7.768750000000002,MarquesColston42,12.573333333333334,,2013
42,0,Matt Ryan,QB,16,45.96,439,651,4515,282.1875,10.284738041002278,26,1.625,17,17,55,3.4375,0,0,0.0,0,0,0.0,0,0,0.0,4,248.1,15.50625,MattRyan43,3.2352941176470584,,2013
43,0,Danny Amendola,WR,16,46.47,0,0,0,0.0,0.0,0,0.0,0,1,1,0.0625,0,0,0.0,54,633,39.5625,0,2,0.125,0,75.4,4.7125,DannyAmendola44,1.0,11.722222222222221,2013
44,0,Dwayne Bowe,WR,16,46.52,0,0,0,0.0,0.0,0,0.0,0,0,0,0.0,0,0,0.0,57,673,42.0625,0,5,0.3125,0,97.3,6.081250000000002,DwayneBowe45,11.807017543859649,,2013
45,0,Reggie Wayne,WR,7,47.91,0,0,0,0.0,0.0,0,0.0,0,1,5,0.7142857142857143,0,0,0.0,38,503,71.85714285714286,0,2,0.2857142857142857,0,62.8,8.971428571428572,ReggieWayne46,5.0,13.23684210526316,2013
46,0,Lamar Miller,RB,16,48.53,0,0,0,0.0,0.0,0,0.0,0,177,709,44.3125,0,2,0.125,26,170,10.625,0,0,0.0,1,97.9,6.11875,LamarMiller47,4.0056497175141255,6.538461538461537,2013
47,0,Jason Witten,TE,16,52.5,0,0,0,0.0,0.0,0,0.0,0,0,0,0.0,0,0,0.0,73,851,53.1875,0,8,0.5,0,133.10000000000002,8.318750000000001,JasonWitten48,11.657534246575347,,2013
48,0,Eddie Lacy,RB,16,52.82,0,0,0,0.0,0.0,0,0.0,0,284,1178,73.625,0,11,0.6875,35,257,16.0625,0,0,0.0,1,207.5,12.96875,EddieLacy49,4.147887323943662,7.3428571428571425,2013
49,0,Colin Kaepernick,QB,16,53.05,243,416,3197,199.8125,13.156378600823045,21,1.3125,8,92,524,32.75,0,4,0.25,0,0,0.0,0,0,0.0,4,264.28,16.5175,ColinKaepernick50,5.695652173913044,,2013
50,0,Jordy Nelson,WR,16,53.76,0,0,0,0.0,0.0,0,0.0,0,0,0,0.0,0,0,0.0,85,1314,82.125,0,8,0.5,0,179.4,11.2125,JordyNelson51,15.458823529411767,,2013
51,0,Hakeem Nicks,WR,16,53.94,0,0,0,0.0,0.0,0,0.0,0,0,0,0.0,0,0,0.0,56,896,56.0,0,0,0.0,0,89.60000000000002,5.6000000000000005,HakeemNicks52,16.0,,2013
52,0,Torrey Smith,WR,16,58.12,0,0,0,0.0,0.0,0,0.0,0,0,0,0.0,0,0,0.0,65,1128,70.5,0,4,0.25,0,136.8,8.55,TorreySmith53,17.353846153846153,,2013
53,0,Pierre Garcon,WR,16,58.2,0,0,0,0.0,0.0,0,0.0,0,2,19,1.1875,0,0,0.0,113,1346,84.125,0,5,0.3125,1,164.49999999999997,10.281249999999998,PierreGarcon54,9.5,11.911504424778759,2013
54,0,Matthew Stafford,QB,16,59.12,371,634,4650,290.625,12.533692722371967,29,1.8125,19,37,69,4.3125,0,2,0.125,0,0,0.0,0,0,0.0,4,274.90000000000003,17.181250000000002,MatthewStafford55,1.864864864864865,,2013
55,0,Eric Decker,WR,16,60.22,0,0,0,0.0,0.0,0,0.0,0,0,0,0.0,0,0,0.0,87,1288,80.5,0,11,0.6875,1,192.8,12.05,EricDecker56,14.804597701149426,,2013
56,0,Vernon Davis,TE,16,60.36,0,0,0,0.0,0.0,0,0.0,0,0,0,0.0,0,0,0.0,52,850,53.125,0,13,0.8125,1,161.0,10.0625,VernonDavis57,16.346153846153847,,2013
57,0,Ryan Mathews,RB,16,60.45,0,0,0,0.0,0.0,0,0.0,0,285,1255,78.4375,0,6,0.375,26,189,11.8125,0,1,0.0625,1,184.40000000000003,11.525000000000002,RyanMathews58,4.4035087719298245,7.269230769230768,2013
58,0,Antonio Brown,WR,16,60.77,0,0,0,0.0,0.0,0,0.0,0,7,4,0.25,0,0,0.0,110,1499,93.6875,0,8,0.5,0,198.3,12.39375,AntonioBrown59,0.5714285714285714,13.627272727272727,2013
59,0,Andrew Luck,QB,16,61.68,343,570,3822,238.875,11.142857142857142,23,1.4375,9,63,377,23.5625,0,4,0.25,0,0,0.0,0,0,0.0,2,284.5800000000001,17.786250000000006,AndrewLuck60,5.984126984126984,,2013
60,0,Mike Wallace,WR,16,62.22,0,0,0,0.0,0.0,0,0.0,0,3,33,2.0625,0,0,0.0,73,930,58.125,0,5,0.3125,0,126.3,7.893750000000002,MikeWallace61,11.0,12.73972602739726,2013
61,0,Tony Gonzalez,TE,16,62.45,0,0,0,0.0,0.0,0,0.0,0,0,0,0.0,0,0,0.0,83,859,53.6875,0,8,0.5,0,133.9,8.36875,TonyGonzalez62,10.349397590361447,,2013
62,0,Robert Griffin III,QB,16,63.06,274,456,3203,200.1875,11.68978102189781,16,1.0,12,86,489,30.5625,0,0,0.0,0,0,0.0,0,0,0.0,4,209.02,13.06375,RobertGriffinIII63,5.686046511627908,,2013
63,0,Montee Ball,RB,16,63.62,0,0,0,0.0,0.0,0,0.0,0,120,559,34.9375,0,4,0.25,20,145,9.0625,0,0,0.0,3,88.4,5.525,MonteeBall64,4.658333333333333,7.25,2013
64,0,Giovani Bernard,RB,16,67.54,0,0,0,0.0,0.0,0,0.0,0,170,695,43.4375,0,5,0.3125,56,514,32.125,0,3,0.1875,1,166.9,10.43125,GiovaniBernard65,4.088235294117647,9.178571428571429,2013
65,0,Steve Smith,WR,16,69.17,0,0,0,0.0,0.0,0,0.0,0,0,0,0.0,0,0,0.0,64,745,46.5625,0,4,0.25,0,98.5,6.156250000000001,SteveSmith66,11.640625,,2013
66,0,Russell Wilson,QB,16,71.12,257,407,3357,209.8125,13.06225680933852,26,1.625,9,96,539,33.6875,0,1,0.0625,0,0,0.0,0,0,0.0,5,270.17999999999995,16.886249999999997,RussellWilson67,5.614583333333332,,2013
67,0,DeSean Jackson,WR,16,71.46,0,0,0,0.0,0.0,0,0.0,0,3,2,0.125,0,0,0.0,82,1332,83.25,0,9,0.5625,0,187.4,11.7125,DeSeanJackson68,0.6666666666666666,16.243902439024392,2013
68,0,James Jones,WR,16,73.23,0,0,0,0.0,0.0,0,0.0,0,0,0,0.0,0,0,0.0,59,817,51.0625,0,3,0.1875,1,97.70000000000002,6.106250000000001,JamesJones69,13.847457627118645,,2013
69,0,Tony Romo,QB,16,73.54,342,535,3828,239.25,11.192982456140351,31,1.9375,10,20,38,2.375,0,0,0.0,0,0,0.0,0,0,0.0,1,258.92,16.1825,TonyRomo70,1.9,,2013
70,0,T.Y. Hilton,WR,16,76.62,0,0,0,0.0,0.0,0,0.0,0,2,6,0.375,0,0,0.0,82,1083,67.6875,0,5,0.3125,0,138.9,8.68125,TYHilton71,3.0,13.207317073170733,2013
71,0,Le'Veon Bell,RB,16,77.76,0,0,0,0.0,0.0,0,0.0,0,244,860,53.75,0,8,0.5,45,399,24.9375,0,0,0.0,1,171.89999999999995,10.74375,LeVeonBell72,3.5245901639344264,8.866666666666667,2013
72,0,Ahmad Bradshaw,RB,5,79.38,0,0,0,0.0,0.0,0,0.0,0,41,186,37.2,0,2,0.4,7,42,8.4,0,0,0.0,0,34.8,6.959999999999999,AhmadBradshaw73,4.536585365853658,6.0,2013
73,0,Chris Ivory,RB,16,79.71,0,0,0,0.0,0.0,0,0.0,0,182,833,52.0625,0,3,0.1875,2,10,0.625,0,0,0.0,0,102.3,6.393750000000002,ChrisIvory74,4.5769230769230775,5.0,2013
74,0,Daryl Richardson,RB,16,80.65,0,0,0,0.0,0.0,0,0.0,0,69,215,13.4375,0,0,0.0,14,121,7.5625,0,0,0.0,0,33.6,2.1,DarylRichardson75,3.1159420289855078,8.642857142857142,2013
75,0,Tavon Austin,WR,16,80.76,0,0,0,0.0,0.0,0,0.0,0,9,151,9.4375,0,1,0.0625,40,418,26.125,0,4,0.25,1,84.9,5.30625,TavonAustin76,16.77777777777778,10.45,2013
76,0,Shane Vereen,RB,8,81.41,0,0,0,0.0,0.0,0,0.0,0,44,208,26.0,0,1,0.125,47,427,53.375,0,3,0.375,0,87.5,10.9375,ShaneVereen77,4.727272727272728,9.085106382978724,2013
77,0,Steve Johnson,WR,16,82.94,0,0,0,0.0,0.0,0,0.0,0,1,10,0.625,0,0,0.0,52,597,37.3125,0,3,0.1875,1,76.70000000000002,4.793750000000001,StevieJohnson78,10.0,11.480769230769232,2013
78,0,Greg Jennings,WR,16,83.46,0,0,0,0.0,0.0,0,0.0,0,0,0,0.0,0,0,0.0,68,804,50.25,0,4,0.25,0,104.4,6.525,GregJennings79,11.823529411764708,,2013
79,0,Cecil Shorts,WR,14,84.07,0,0,0,0.0,0.0,0,0.0,0,0,0,0.0,0,0,0.0,66,777,55.5,0,3,0.21428571428571427,0,95.7,6.835714285714286,CecilShorts80,11.772727272727273,,2013
80,0,Rashard Mendenhall,RB,16,84.91,0,0,0,0.0,0.0,0,0.0,0,217,687,42.9375,0,8,0.5,18,134,8.375,0,0,0.0,3,124.1,7.75625,RashardMendenhall81,3.165898617511522,7.4444444444444455,2013
81,0,Miles Austin,WR,16,87.21,0,0,0,0.0,0.0,0,0.0,0,0,0,0.0,0,0,0.0,24,244,15.25,0,0,0.0,0,24.4,1.525,MilesAustin82,10.166666666666666,,2013
82,0,Jermichael Finley,TE,8,87.78,0,0,0,0.0,0.0,0,0.0,0,0,0,0.0,0,0,0.0,25,300,37.5,0,3,0.375,0,48.0,6.0,JermichaelFinley83,12.0,,2013
83,0,Kyle Rudolph,TE,13,89.98,0,0,0,0.0,0.0,0,0.0,0,0,0,0.0,0,0,0.0,30,313,24.07692307692308,0,3,0.2307692307692308,0,49.3,3.7923076923076926,KyleRudolph85,10.433333333333334,,2013
84,0,Anquan Boldin,WR,16,90.39,0,0,0,0.0,0.0,0,0.0,0,2,11,0.6875,0,0,0.0,85,1179,73.6875,0,7,0.4375,0,161.0,10.0625,AnquanBoldin86,5.5,13.870588235294118,2013
85,0,Josh Gordon,WR,14,92.36,0,0,0,0.0,0.0,0,0.0,0,5,88,6.2857142857142865,0,0,0.0,87,1646,117.57142857142857,0,9,0.6428571428571429,0,227.4,16.24285714285714,JoshGordon87,17.6,18.919540229885055,2013
86,0,Greg Olsen,TE,16,92.36,0,0,0,0.0,0.0,0,0.0,0,0,0,0.0,0,0,0.0,73,816,51.0,0,6,0.375,0,117.6,7.35,GregOlsen88,11.178082191780822,,2013
87,0,BenJarvus Green-Ellis,RB,16,92.91,0,0,0,0.0,0.0,0,0.0,0,220,756,47.25,0,7,0.4375,4,22,1.375,0,0,0.0,2,115.8,7.2375,BenJarvusGreenEllis89,3.4363636363636365,5.5,2013
88,0,Mike Williams 4,WR,7,95.63,0,0,0,0.0,0.0,0,0.0,0,0,0,0.0,0,0,0.0,22,216,30.857142857142854,0,2,0.2857142857142857,0,33.6,4.8,MikeWilliams90,9.818181818181818,,2013
89,0,DeAngelo Williams,RB,16,96.51,0,0,0,0.0,0.0,0,0.0,0,201,843,52.6875,0,3,0.1875,26,333,20.8125,0,1,0.0625,2,137.60000000000002,8.600000000000001,DeAngeloWilliams91,4.1940298507462686,12.807692307692307,2013
90,0,Eli Manning,QB,16,98.83,317,551,3818,238.625,12.044164037854891,18,1.125,27,18,36,2.25,0,0,0.0,0,0,0.0,0,0,0.0,2,170.32,10.645,EliManning93,2.0,,2013
91,0,Mark Ingram,RB,16,99.28,0,0,0,0.0,0.0,0,0.0,0,78,386,24.125,0,1,0.0625,7,68,4.25,0,0,0.0,0,51.4,3.2125,MarkIngram94,4.94871794871795,9.714285714285714,2013
92,0,Kenny Britt,WR,16,99.79,0,0,0,0.0,0.0,0,0.0,0,0,0,0.0,0,0,0.0,11,96,6.0,0,0,0.0,0,9.6,0.6000000000000001,KennyBritt95,8.727272727272727,,2013
93,0,Ben Tate,RB,14,101.07,0,0,0,0.0,0.0,0,0.0,0,181,771,55.07142857142857,0,4,0.2857142857142857,34,140,10.0,0,0,0.0,2,111.1,7.935714285714287,BenTate96,4.259668508287293,4.117647058823529,2013
94,0,Lance Moore,WR,16,102.73,0,0,0,0.0,0.0,0,0.0,0,0,0,0.0,0,0,0.0,37,457,28.5625,0,2,0.125,1,55.7,3.48125,LanceMoore97,12.351351351351349,,2013
95,0,Jared Cook,TE,16,103.36,0,0,0,0.0,0.0,0,0.0,0,0,0,0.0,0,0,0.0,51,671,41.9375,0,5,0.3125,1,95.10000000000002,5.943750000000001,JaredCook98,13.15686274509804,,2013
96,0,Owen Daniels,TE,5,107.86,0,0,0,0.0,0.0,0,0.0,0,0,0,0.0,0,0,0.0,24,252,50.4,0,3,0.6,0,43.2,8.64,OwenDaniels99,10.5,,2013
97,0,Antonio Gates,TE,16,108.14,0,0,0,0.0,0.0,0,0.0,0,0,0,0.0,0,0,0.0,77,872,54.5,0,4,0.25,2,107.2,6.699999999999998,AntonioGates100,11.324675324675324,,2013
98,0,Andre Brown,RB,8,110.87,0,0,0,0.0,0.0,0,0.0,0,139,492,61.5,0,3,0.375,20,103,12.875,0,0,0.0,3,71.5,8.9375,AndreBrown102,3.5395683453237416,5.15,2013
99,0,Mike Vick,QB,16,112.24,77,141,1215,75.9375,15.779220779220779,5,0.3125,3,36,306,19.125,0,2,0.125,0,0,0.0,0,0,0.0,2,101.2,6.324999999999998,MichaelVick103,8.5,,2013
100,0,Andy Dalton,QB,16,113.56,363,586,4293,268.3125,11.826446280991735,33,2.0625,20,61,183,11.4375,0,2,0.125,0,0,0.0,0,0,0.0,3,288.02,18.00125,AndyDalton105,3.0,,2013
101,0,Justin Blackmon,WR,4,113.64,0,0,0,0.0,0.0,0,0.0,0,1,-1,-0.25,0,0,0.0,29,415,103.75,0,1,0.25,0,47.40000000000001,11.85,JustinBlackmon106,-1.0,14.310344827586205,2013
102,0,DeAndre Hopkins,WR,16,116.26,0,0,0,0.0,0.0,0,0.0,0,0,0,0.0,0,0,0.0,52,802,50.125,0,2,0.125,1,90.2,5.6375,DeAndreHopkins107,15.423076923076925,,2013
103,0,Chris Givens,WR,16,116.55,0,0,0,0.0,0.0,0,0.0,0,3,8,0.5,0,0,0.0,34,569,35.5625,0,0,0.0,1,55.7,3.48125,ChrisGivens108,2.6666666666666665,16.735294117647058,2013
104,0,Vick Ballard,RB,1,118.18,0,0,0,0.0,0.0,0,0.0,0,13,63,63.0,0,0,0.0,1,-5,-5.0,0,0,0.0,0,5.800000000000002,5.800000000000002,VickBallard109,4.846153846153847,-5.0,2013
105,0,Vincent Brown,WR,16,119.75,0,0,0,0.0,0.0,0,0.0,0,0,0,0.0,0,0,0.0,41,472,29.5,0,1,0.0625,0,53.20000000000001,3.3250000000000006,VincentBrown111,11.51219512195122,,2013
106,0,Michael Floyd,WR,16,120.19,0,0,0,0.0,0.0,0,0.0,0,0,0,0.0,0,0,0.0,65,1041,65.0625,0,5,0.3125,0,134.10000000000002,8.381250000000001,MichaelFloyd112,16.015384615384615,,2013
107,0,Kenbrell Thompkins,WR,16,120.4,0,0,0,0.0,0.0,0,0.0,0,0,0,0.0,0,0,0.0,32,466,29.125,0,4,0.25,0,70.6,4.4125,KenbrellThompkins113,14.5625,,2013
108,0,Golden Tate,WR,16,120.84,0,0,0,0.0,0.0,0,0.0,0,3,31,1.9375,0,0,0.0,64,898,56.125,0,5,0.3125,0,122.9,7.68125,GoldenTate114,10.333333333333334,14.03125,2013
109,0,Emmanuel Sanders,WR,16,122.31,0,0,0,0.0,0.0,0,0.0,0,1,25,1.5625,0,0,0.0,67,740,46.25,0,6,0.375,0,112.5,7.031249999999999,EmmanuelSanders115,25.0,11.044776119402986,2013
110,0,Bryce Brown,RB,16,122.52,0,0,0,0.0,0.0,0,0.0,0,75,314,19.625,0,2,0.125,8,84,5.25,0,0,0.0,0,51.8,3.2375000000000003,BryceBrown116,4.1866666666666665,10.5,2013
111,0,Jordan Cameron,TE,16,122.57,0,0,0,0.0,0.0,0,0.0,0,0,0,0.0,0,0,0.0,80,917,57.3125,0,7,0.4375,0,133.7,8.35625,JordanCameron117,11.4625,,2013
112,0,Ronnie Hillman,RB,16,123.07,0,0,0,0.0,0.0,0,0.0,0,55,218,13.625,0,1,0.0625,12,119,7.4375,0,0,0.0,1,37.7,2.35625,RonnieHillman118,3.963636363636364,9.916666666666666,2013
113,0,Sidney Rice,WR,8,123.49,0,0,0,0.0,0.0,0,0.0,0,0,0,0.0,0,0,0.0,15,231,28.875,0,3,0.375,1,39.1,4.8875,SidneyRice119,15.4,,2013
114,0,Bernard Pierce,RB,16,124.44,0,0,0,0.0,0.0,0,0.0,0,152,436,27.25,0,2,0.125,20,104,6.5,0,0,0.0,0,66.0,4.125,BernardPierce120,2.8684210526315788,5.2,2013
115,0,Alshon Jeffery,WR,16,126.59,0,0,0,0.0,0.0,0,0.0,0,16,105,6.5625,0,0,0.0,89,1421,88.8125,0,7,0.4375,1,192.6,12.0375,AlshonJeffery122,6.5625,15.966292134831463,2013
116,0,Ben Roethlisberger,QB,16,127.19,375,584,4261,266.3125,11.362666666666666,28,1.75,14,27,99,6.1875,0,1,0.0625,0,0,0.0,0,0,0.0,6,258.3399999999999,16.146249999999995,BenRoethlisberger123,3.6666666666666665,,2013
117,0,Jonathan Stewart,RB,9,129.02,0,0,0,0.0,0.0,0,0.0,0,48,180,20.0,0,0,0.0,7,44,4.888888888888889,0,0,0.0,0,22.4,2.4888888888888894,JonathanStewart125,3.75,6.2857142857142865,2013
118,0,Denarius Moore,WR,16,130.11,0,0,0,0.0,0.0,0,0.0,0,0,0,0.0,0,0,0.0,46,695,43.4375,0,5,0.3125,0,99.5,6.218749999999999,DenariusMoore126,15.108695652173912,,2013
119,0,Fred Jackson,RB,16,131.69,0,0,0,0.0,0.0,0,0.0,0,206,890,55.625,0,9,0.5625,47,387,24.1875,0,1,0.0625,0,187.70000000000005,11.731250000000005,FredJackson127,4.320388349514563,8.23404255319149,2013
120,0,Brandon Myers,TE,16,131.71,0,0,0,0.0,0.0,0,0.0,0,0,0,0.0,0,0,0.0,47,522,32.625,0,4,0.25,0,76.2,4.7625,BrandonMyers128,11.106382978723405,,2013
121,0,Martellus Bennett,TE,16,131.73,0,0,0,0.0,0.0,0,0.0,0,0,0,0.0,0,0,0.0,65,759,47.4375,0,5,0.3125,1,103.9,6.49375,MartellusBennett129,11.676923076923075,,2013
122,0,Danny Woodhead,RB,16,132.0,0,0,0,0.0,0.0,0,0.0,0,106,429,26.8125,0,2,0.125,76,605,37.8125,0,6,0.375,2,147.4,9.2125,DannyWoodhead130,4.047169811320755,7.9605263157894735,2013
123,0,Jay Cutler,QB,16,132.02,224,355,2621,163.8125,11.700892857142858,19,1.1875,12,23,118,7.375,0,0,0.0,0,0,0.0,0,0,0.0,3,162.64,10.165,JayCutler131,5.130434782608695,,2013
124,0,Brandon Pettigrew,TE,15,132.25,0,0,0,0.0,0.0,0,0.0,0,0,0,0.0,0,0,0.0,41,416,27.73333333333333,0,2,0.13333333333333333,1,51.6,3.44,BrandonPettigrew132,10.146341463414632,,2013
125,0,Joe Flacco,QB,16,134.33,362,614,3912,244.5,10.806629834254146,19,1.1875,22,27,131,8.1875,0,1,0.0625,0,0,0.0,0,0,0.0,2,203.58,12.72375,JoeFlacco134,4.851851851851851,,2013
126,0,Kendall Wright,WR,16,137.06,0,0,0,0.0,0.0,0,0.0,0,0,0,0.0,0,0,0.0,94,1079,67.4375,0,2,0.125,0,119.9,7.49375,KendallWright135,11.478723404255321,,2013
127,0,Cordarrelle Patterson,WR,16,138.65,0,0,0,0.0,0.0,0,0.0,0,12,158,9.875,0,3,0.1875,45,469,29.3125,0,4,0.25,0,104.7,6.54375,CordarrellePatterson136,13.166666666666664,10.422222222222222,2013
128,0,Zach Sudfeld,TE,16,140.13,0,0,0,0.0,0.0,0,0.0,0,0,0,0.0,0,0,0.0,5,63,3.9375,0,0,0.0,0,6.300000000000002,0.39375,ZachSudfeld137,12.6,,2013
129,0,Matt Schaub,QB,16,140.71,219,358,2310,144.375,10.547945205479452,10,0.625,14,5,24,1.5,0,0,0.0,0,0,0.0,0,0,0.0,1,104.8,6.55,MattSchaub139,4.8,,2013
130,0,Jacquizz Rodgers,RB,16,140.78,0,0,0,0.0,0.0,0,0.0,0,96,332,20.75,0,2,0.125,52,341,21.3125,0,2,0.125,1,89.29999999999998,5.581249999999999,JacquizzRodgers140,3.458333333333333,6.557692307692308,2013
131,0,Pierre Thomas,RB,16,141.32,0,0,0,0.0,0.0,0,0.0,0,147,549,34.3125,0,2,0.125,77,513,32.0625,0,3,0.1875,1,134.20000000000002,8.387500000000001,PierreThomas141,3.73469387755102,6.662337662337662,2013
132,0,Sam Bradford,QB,7,141.61,159,262,1687,241.0,10.610062893081759,14,2.0,4,15,31,4.428571428571429,0,0,0.0,0,0,0.0,0,0,0.0,1,116.58,16.654285714285713,SamBradford142,2.066666666666667,,2013
133,0,Ryan Broyles,WR,8,142.56,0,0,0,0.0,0.0,0,0.0,0,0,0,0.0,0,0,0.0,8,85,10.625,0,0,0.0,0,8.500000000000002,1.0625000000000002,RyanBroyles143,10.625,,2013
134,0,Fred Davis,TE,16,143.6,0,0,0,0.0,0.0,0,0.0,0,0,0,0.0,0,0,0.0,7,70,4.375,0,1,0.0625,0,13.000000000000002,0.8125000000000001,FredDavis144,10.0,,2013
135,0,Brian Hartline,WR,16,143.82,0,0,0,0.0,0.0,0,0.0,0,0,0,0.0,0,0,0.0,76,1016,63.5,0,4,0.25,0,125.6,7.85,BrianHartline145,13.36842105263158,,2013
136,0,Jermaine Gresham,TE,16,145.16,0,0,0,0.0,0.0,0,0.0,0,0,0,0.0,0,0,0.0,46,458,28.625,0,4,0.25,3,63.8,3.9875,JermaineGresham147,9.956521739130435,,2013
137,0,Mikel Leshoure,RB,16,145.19,0,0,0,0.0,0.0,0,0.0,0,2,9,0.5625,0,0,0.0,0,0,0.0,0,0,0.0,0,0.9,0.05625,MikelLeshoure148,4.5,,2013
138,0,Carson Palmer,QB,16,145.51,362,572,4274,267.125,11.806629834254146,24,1.5,22,27,3,0.1875,0,0,0.0,0,0,0.0,0,0,0.0,3,217.26,13.57875,CarsonPalmer149,0.1111111111111111,,2013
139,0,Rueben Randle,WR,16,147.03,0,0,0,0.0,0.0,0,0.0,0,0,0,0.0,0,0,0.0,41,611,38.1875,0,6,0.375,1,95.10000000000002,5.943750000000001,RuebenRandle150,14.902439024390244,,2013
140,0,Isaiah Pead,RB,15,148.74,0,0,0,0.0,0.0,0,0.0,0,7,21,1.4,0,0,0.0,11,78,5.2,0,0,0.0,0,9.900000000000002,0.6600000000000001,IsaiahPead152,3.0,7.090909090909091,2013
141,0,Josh Freeman,QB,16,151.76,63,147,761,47.5625,12.079365079365079,2,0.125,4,5,20,1.25,0,0,0.0,0,0,0.0,0,0,0.0,1,30.44,1.9025,JoshFreeman155,4.0,,2013
142,0,Johnathan Franklin,RB,11,152.21,0,0,0,0.0,0.0,0,0.0,0,19,107,9.727272727272727,0,1,0.09090909090909093,4,30,2.727272727272727,0,0,0.0,1,17.700000000000006,1.6090909090909091,JohnathanFranklin157,5.63157894736842,7.5,2013
143,0,Tyler Eifert,TE,16,152.97,0,0,0,0.0,0.0,0,0.0,0,0,0,0.0,0,0,0.0,39,445,27.8125,0,2,0.125,0,56.49999999999999,3.53125,TylerEifert158,11.410256410256409,,2013
144,0,Aaron Dobson,WR,16,155.84,0,0,0,0.0,0.0,0,0.0,0,0,0,0.0,0,0,0.0,37,519,32.4375,0,4,0.25,0,75.89999999999998,4.74375,AaronDobson161,14.027027027027025,,2013
145,0,Isaac Redman,RB,6,156.33,0,0,0,0.0,0.0,0,0.0,0,10,12,2.0,0,0,0.0,4,14,2.333333333333333,0,0,0.0,0,2.6,0.43333333333333335,IsaacRedman162,1.2,3.5,2013
146,0,Darrius Heyward-Bey,WR,16,157.23,0,0,0,0.0,0.0,0,0.0,0,3,26,1.625,0,0,0.0,29,309,19.3125,0,1,0.0625,0,39.50000000000001,2.4687500000000004,DarriusHeywardBey163,8.666666666666666,10.655172413793103,2013
147,0,Knowshon Moreno,RB,16,157.43,0,0,0,0.0,0.0,0,0.0,0,241,1038,64.875,0,10,0.625,60,548,34.25,0,3,0.1875,0,236.6,14.7875,KnowshonMoreno164,4.3070539419087135,9.133333333333333,2013
148,0,Philip Rivers,QB,16,157.64,378,544,4478,279.875,11.846560846560848,32,2.0,11,28,72,4.5,0,0,0.0,0,0,0.0,0,0,0.0,2,288.32000000000005,18.020000000000003,PhilipRivers165,2.571428571428572,,2013
149,0,Joique Bell,RB,16,158.25,0,0,0,0.0,0.0,0,0.0,0,166,650,40.625,0,8,0.5,53,547,34.1875,0,0,0.0,3,161.7,10.10625,JoiqueBell166,3.9156626506024095,10.320754716981133,2013
150,0,Ryan Tannehill,QB,16,160.47,355,588,3913,244.5625,11.022535211267606,24,1.5,17,40,238,14.875,0,1,0.0625,0,0,0.0,0,0,0.0,5,238.32,14.894999999999998,RyanTannehill167,5.95,,2013
151,0,Alex Smith,QB,16,161.17,308,508,3313,207.0625,10.756493506493506,23,1.4375,7,76,431,26.9375,0,1,0.0625,0,0,0.0,0,0,0.0,3,253.62,15.85125,AlexSmith168,5.671052631578947,,2013
152,0,Greg Little 2,WR,16,161.49,0,0,0,0.0,0.0,0,0.0,0,0,0,0.0,0,0,0.0,41,465,29.0625,0,2,0.125,0,58.5,3.65625,GregLittle169,11.341463414634148,,2013
153,0,Christine Michael,RB,16,161.61,0,0,0,0.0,0.0,0,0.0,0,18,79,4.9375,0,0,0.0,0,0,0.0,0,0,0.0,0,7.9,0.49375,ChristineMichael170,4.388888888888889,,2013
154,0,Michael Bush,RB,16,161.97,0,0,0,0.0,0.0,0,0.0,0,63,197,12.3125,0,3,0.1875,4,48,3.0,0,1,0.0625,0,48.5,3.03125,MichaelBush171,3.126984126984127,12.0,2013
155,0,Coby Fleener,TE,16,162.42,0,0,0,0.0,0.0,0,0.0,0,0,0,0.0,0,0,0.0,52,608,38.0,0,4,0.25,0,84.8,5.3,CobyFleener173,11.692307692307693,,2013
156,0,Zac Stacy,RB,16,163.5,0,0,0,0.0,0.0,0,0.0,0,250,973,60.8125,0,7,0.4375,26,141,8.8125,0,1,0.0625,1,157.40000000000003,9.837500000000002,ZacStacy175,3.892,5.4230769230769225,2013
157,0,Mohamed Sanu,WR,16,165.54,0,0,0,0.0,0.0,0,0.0,0,4,16,1.0,0,0,0.0,47,455,28.4375,0,2,0.125,1,57.10000000000001,3.5687500000000005,MohamedSanu177,4.0,9.680851063829786,2013
158,0,Heath Miller,TE,16,165.69,0,0,0,0.0,0.0,0,0.0,0,0,0,0.0,0,0,0.0,58,593,37.0625,0,1,0.0625,1,63.30000000000001,3.9562500000000007,HeathMiller178,10.224137931034482,,2013
159,0,Jonathan Dwyer,RB,15,166.12,0,0,0,0.0,0.0,0,0.0,0,49,197,13.133333333333333,0,0,0.0,8,64,4.266666666666667,0,0,0.0,0,26.1,1.74,JonathanDwyer180,4.020408163265306,8.0,2013
160,0,Shonn Greene,RB,16,166.78,0,0,0,0.0,0.0,0,0.0,0,77,295,18.4375,0,4,0.25,6,39,2.4375,0,0,0.0,0,57.40000000000001,3.5875000000000004,ShonnGreene181,3.831168831168831,6.5,2013
161,0,Julius Thomas,TE,16,167.33,0,0,0,0.0,0.0,0,0.0,0,0,0,0.0,0,0,0.0,65,788,49.25,0,12,0.75,0,150.8,9.425,JuliusThomas182,12.123076923076924,,2013
162,0,Malcom Floyd,WR,4,167.38,0,0,0,0.0,0.0,0,0.0,0,0,0,0.0,0,0,0.0,6,149,37.25,0,0,0.0,0,14.900000000000002,3.725000000000001,MalcomFloyd183,24.83333333333333,,2013
163,0,Bilal Powell,RB,16,168.8,0,0,0,0.0,0.0,0,0.0,0,176,697,43.5625,0,1,0.0625,36,272,17.0,0,0,0.0,0,102.9,6.43125,BilalPowell184,3.960227272727273,7.5555555555555545,2013
164,0,Joseph Randle,RB,16,169.53,0,0,0,0.0,0.0,0,0.0,0,54,164,10.25,0,2,0.125,8,61,3.8125,0,0,0.0,0,34.5,2.15625,JosephRandle185,3.037037037037037,7.625,2013
165,0,Dustin Keller,TE,3,169.6,0,0,0,0.0,0.0,0,0.0,0,0,0,0.0,0,0,0.0,4,64,21.33333333333333,0,1,0.3333333333333333,0,12.400000000000002,4.133333333333334,DustinKeller186,16.0,,2013
166,0,LaMichael James,RB,16,171.18,0,0,0,0.0,0.0,0,0.0,0,12,59,3.6875,0,0,0.0,2,16,1.0,0,0,0.0,0,7.5,0.46875,LaMichaelJames187,4.916666666666667,8.0,2013
167,0,Roy Helu,RB,16,171.19,0,0,0,0.0,0.0,0,0.0,0,62,274,17.125,0,4,0.25,31,251,15.6875,0,0,0.0,0,76.5,4.78125,RoyHelu188,4.419354838709677,8.096774193548388,2013
168,0,Dwayne Allen,TE,2,171.76,0,0,0,0.0,0.0,0,0.0,0,0,0,0.0,0,0,0.0,1,20,10.0,0,1,0.5,0,8.0,4.0,DwayneAllen189,20.0,,2013
169,0,Brandon LaFell,WR,16,171.81,0,0,0,0.0,0.0,0,0.0,0,2,15,0.9375,0,0,0.0,49,627,39.1875,0,5,0.3125,0,94.2,5.8875,BrandonLaFell190,7.5,12.79591836734694,2013
170,0,EJ Manuel,QB,16,171.98,180,306,1972,123.25,10.955555555555556,11,0.6875,9,53,186,11.625,0,2,0.125,0,0,0.0,0,0,0.0,3,129.48000000000002,8.092500000000001,EJManuel191,3.5094339622641515,,2013
171,0,Rob Housler,TE,16,172.09,0,0,0,0.0,0.0,0,0.0,0,0,0,0.0,0,0,0.0,39,454,28.375,0,1,0.0625,0,51.40000000000001,3.2125000000000004,RobertHousler192,11.64102564102564,,2013
172,0,Ryan Williams,RB,16,172.73,0,0,0,0.0,0.0,0,0.0,0,0,454,28.375,0,1,0.0625,39,0,0.0,0,0,0.0,0,51.40000000000001,3.2125000000000004,RyanWilliams193,0.0,,2013
173,0,Robert Woods,WR,16,177.14,0,0,0,0.0,0.0,0,0.0,0,2,16,1.0,0,0,0.0,40,587,36.6875,0,3,0.1875,0,78.3,4.89375,RobertWoods201,8.0,14.675,2013
174,0,Kendall Hunter,RB,16,177.58,0,0,0,0.0,0.0,0,0.0,0,78,358,22.375,0,3,0.1875,2,13,0.8125,0,0,0.0,1,53.10000000000001,3.3187500000000005,KendallHunter202,4.589743589743589,6.5,2013
175,0,Markus Wheaton,WR,16,179.29,0,0,0,0.0,0.0,0,0.0,0,0,0,0.0,0,0,0.0,6,64,4.0,0,0,0.0,0,6.4,0.4,MarkusWheaton203,10.666666666666666,,2013
176,0,Julian Edelman,WR,16,179.76,0,0,0,0.0,0.0,0,0.0,0,2,11,0.6875,0,0,0.0,105,1056,66.0,0,6,0.375,0,142.70000000000005,8.918750000000003,JulianEdelman204,5.5,10.057142857142855,2013
177,0,Santonio Holmes,WR,16,179.94,0,0,0,0.0,0.0,0,0.0,0,0,0,0.0,0,0,0.0,23,456,28.5,0,1,0.0625,0,51.6,3.225,SantonioHolmes206,19.82608695652174,,2013
178,0,Brandon Weeden,QB,16,180.63,141,267,1731,108.1875,12.27659574468085,9,0.5625,9,12,44,2.75,0,0,0.0,0,0,0.0,0,0,0.0,2,87.64,5.4775,BrandonWeeden207,3.6666666666666665,,2013
179,0,Jacoby Jones,WR,16,181.75,0,0,0,0.0,0.0,0,0.0,0,2,0,0.0,0,0,0.0,37,455,28.4375,0,2,0.125,0,57.5,3.59375,JacobyJones208,0.0,12.297297297297295,2013
180,0,Andre Roberts,WR,16,181.87,0,0,0,0.0,0.0,0,0.0,0,0,0,0.0,0,0,0.0,43,471,29.4375,0,2,0.125,0,59.09999999999999,3.6937499999999988,AndreRoberts209,10.953488372093025,,2013
181,0,Rod Streater,WR,16,183.58,0,0,0,0.0,0.0,0,0.0,0,2,17,1.0625,0,0,0.0,60,888,55.5,0,4,0.25,1,112.5,7.031250000000001,RodStreater210,8.5,14.8,2013
182,0,Daniel Thomas,RB,16,183.88,0,0,0,0.0,0.0,0,0.0,0,109,406,25.375,0,4,0.25,15,63,3.9375,0,2,0.125,0,82.9,5.18125,DanielThomas211,3.7247706422018343,4.2,2013
183,0,Marcel Reece,RB,16,184.13,0,0,0,0.0,0.0,0,0.0,0,46,218,13.625,0,2,0.125,32,331,20.6875,0,2,0.125,0,78.89999999999998,4.931249999999999,MarcelReece213,4.739130434782608,10.34375,2013
184,0,Jake Locker,QB,9,184.13,111,183,1256,139.55555555555554,11.315315315315313,8,0.8888888888888888,4,24,155,17.22222222222222,0,2,0.2222222222222222,0,0,0.0,0,0,0.0,1,99.74,11.082222222222226,JakeLocker214,6.458333333333332,,2013
185,0,Brent Celek,TE,16,184.91,0,0,0,0.0,0.0,0,0.0,0,0,0,0.0,0,0,0.0,32,502,31.375,0,6,0.375,1,84.19999999999997,5.262499999999998,BrentCelek215,15.6875,,2013
186,0,Keenan Allen,WR,16,185.21,0,0,0,0.0,0.0,0,0.0,0,0,0,0.0,0,0,0.0,71,1046,65.375,0,8,0.5,2,148.60000000000005,9.2875,KeenanAllen216,14.732394366197186,,2013
187,0,Knile Davis,RB,16,185.65,0,0,0,0.0,0.0,0,0.0,0,70,242,15.125,0,4,0.25,11,75,4.6875,0,0,0.0,1,53.70000000000001,3.3562500000000006,KnileDavis217,3.4571428571428573,6.8181818181818175,2013
188,0,Robert Turbin,RB,16,186.19,0,0,0,0.0,0.0,0,0.0,0,77,264,16.5,0,0,0.0,8,60,3.75,0,0,0.0,1,30.4,1.9,RobertTurbin219,3.4285714285714284,7.5,2013
189,0,Ed Dickson,TE,16,186.36,0,0,0,0.0,0.0,0,0.0,0,0,0,0.0,0,0,0.0,25,273,17.0625,0,1,0.0625,0,33.300000000000004,2.0812500000000003,EdDickson221,10.92,,2013
190,0,Zach Miller,TE,2,187.17,0,0,0,0.0,0.0,0,0.0,0,0,0,0.0,0,0,0.0,0,0,0.0,0,0,0.0,0,0.0,0.0,ZachMiller222,,,2013
191,0,Kenny Stills,WR,16,188.21,0,0,0,0.0,0.0,0,0.0,0,3,10,0.625,0,0,0.0,32,641,40.0625,0,5,0.3125,0,95.1,5.94375,KennyStills224,3.333333333333333,20.03125,2013
192,0,Marcus Lattimore,RB,3,189.92,0,0,0,0.0,0.0,0,0.0,0,0,0,0.0,0,0,0.0,0,0,0.0,0,0,0.0,0,0.0,0.0,MarcusLattimore227,,,2013
193,0,DuJuan Harris,RB,3,190.73,0,0,0,0.0,0.0,0,0.0,0,3,2,0.6666666666666666,0,0,0.0,1,11,3.6666666666666665,0,0,0.0,0,1.3,0.43333333333333335,DuJuanHarris229,0.6666666666666666,11.0,2013
194,0,Stephen Hill,WR,13,191.99,0,0,0,0.0,0.0,0,0.0,0,0,0,0.0,0,0,0.0,24,342,26.30769230769231,0,1,0.07692307692307693,1,38.2,2.9384615384615387,StephenHill231,14.25,,2013
195,0,Brian Quick,WR,16,192.64,0,0,0,0.0,0.0,0,0.0,0,0,0,0.0,0,0,0.0,18,302,18.875,0,2,0.125,0,42.2,2.6375,BrianQuick232,16.77777777777778,,2013
196,0,Christian Ponder,QB,16,193.26,152,239,1648,103.0,10.842105263157897,7,0.4375,9,34,151,9.4375,0,4,0.25,0,0,0.0,0,0,0.0,4,107.02,6.6887500000000015,ChristianPonder234,4.441176470588236,,2013
197,0,Santana Moss,WR,16,193.32,0,0,0,0.0,0.0,0,0.0,0,3,25,1.5625,0,0,0.0,42,452,28.25,0,2,0.125,2,55.7,3.48125,SantanaMoss236,8.333333333333334,10.761904761904765,2013
198,0,Zach Ertz,TE,16,195.01,0,0,0,0.0,0.0,0,0.0,0,0,0,0.0,0,0,0.0,36,469,29.3125,0,4,0.25,0,70.9,4.43125,ZachErtz238,13.027777777777779,,2013
199,0,Denard Robinson,RB,16,195.93,0,0,0,0.0,0.0,0,0.0,0,20,66,4.125,0,0,0.0,0,0,0.0,0,0,0.0,2,2.6000000000000005,0.16250000000000006,DenardRobinson239,3.3,,2013
200,0,Riley Cooper,WR,16,196.23,0,0,0,0.0,0.0,0,0.0,0,0,18,1.125,0,0,0.0,47,835,52.1875,0,8,0.5,0,133.3,8.33125,RileyCooper242,17.765957446808514,,2013
201,0,Quinton Patton,WR,16,196.87,0,0,0,0.0,0.0,0,0.0,0,1,26,1.625,0,0,0.0,3,34,2.125,0,0,0.0,0,6.0,0.375,QuintonPatton243,26.0,11.333333333333336,2013
202,0,Marcedes Lewis,TE,16,197.16,0,0,0,0.0,0.0,0,0.0,0,0,0,0.0,0,0,0.0,25,359,22.4375,0,4,0.25,1,57.9,3.61875,MarcedesLewis244,14.36,,2013
203,0,Geno Smith,QB,16,198.96,247,443,3046,190.375,12.331983805668015,12,0.75,21,72,366,22.875,0,6,0.375,0,0,0.0,0,0,0.0,4,192.44000000000003,12.027500000000005,GenoSmith246,5.083333333333333,,2013
204,0,Jeremy Kerley,WR,16,200.74,0,0,0,0.0,0.0,0,0.0,0,4,11,0.6875,0,0,0.0,43,523,32.6875,0,3,0.1875,0,71.4,4.4625,JeremyKerley249,2.75,12.16279069767442,2013
205,0,Felix Jones,RB,16,200.93,0,0,0,0.0,0.0,0,0.0,0,48,184,11.5,0,0,0.0,9,63,3.9375,0,0,0.0,1,22.700000000000006,1.4187500000000002,FelixJones250,3.8333333333333335,7.0,2013
206,0,Lance Dunbar,RB,12,201.33,0,0,0,0.0,0.0,0,0.0,0,30,150,12.5,0,0,0.0,7,59,4.916666666666667,0,0,0.0,1,18.9,1.575,LanceDunbar251,5.0,8.428571428571429,2013
207,0,Willis McGahee,RB,14,202.01,0,0,0,0.0,0.0,0,0.0,0,138,377,26.92857142857143,0,2,0.14285714285714285,8,20,1.4285714285714286,0,0,0.0,1,49.7,3.5500000000000003,WillisMcGahee253,2.731884057971014,2.5,2013
208,0,Toby Gerhart,RB,16,203.18,0,0,0,0.0,0.0,0,0.0,0,36,283,17.6875,0,2,0.125,13,88,5.5,0,0,0.0,1,47.1,2.94375,TobyGerhart255,7.861111111111112,6.769230769230768,2013
209,0,Stepfan Taylor,RB,16,203.91,0,0,0,0.0,0.0,0,0.0,0,36,115,7.1875,0,0,0.0,8,71,4.4375,0,0,0.0,0,18.6,1.1625,StepfanTaylor257,3.1944444444444446,8.875,2013
210,0,Justin Hunter,WR,16,204.45,0,0,0,0.0,0.0,0,0.0,0,0,0,0.0,0,0,0.0,18,354,22.125,0,4,0.25,0,59.4,3.7125,JustinHunter258,19.666666666666668,,2013
211,0,Mike Goodson,RB,2,205.36,0,0,0,0.0,0.0,0,0.0,0,7,61,30.5,0,0,0.0,2,19,9.5,0,0,0.0,0,8.0,4.0,MikeGoodson260,8.714285714285714,9.5,2013
212,0,Latavius Murray,RB,3,206.07,0,0,0,0.0,0.0,0,0.0,0,8,29,9.666666666666666,0,0,0.0,0,0,0.0,0,0,0.0,0,2.9000000000000004,0.9666666666666668,LataviusMurray261,3.625,,2013
213,0,Travis Kelce,TE,5,207.29,0,0,0,0.0,0.0,0,0.0,0,0,0,0.0,0,0,0.0,0,0,0.0,0,0,0.0,0,0.0,0.0,TravisKelce262,,,2013
214,0,LeGarrette Blount,RB,16,207.49,0,0,0,0.0,0.0,0,0.0,0,153,772,48.25,0,7,0.4375,2,38,2.375,0,0,0.0,2,119.0,7.4375,LeGarretteBlount263,5.045751633986928,19.0,2013
215,0,Austin Collie,WR,8,207.75,0,0,0,0.0,0.0,0,0.0,0,0,0,0.0,0,0,0.0,6,63,7.875,0,0,0.0,0,6.300000000000002,0.7875000000000001,AustinCollie264,10.5,,2013
216,0,Terrelle Pryor,QB,16,207.8,156,272,1798,112.375,11.525641025641027,7,0.4375,11,83,576,36.0,0,2,0.125,0,0,0.0,0,0,0.0,2,143.52,8.97,TerrellePryor265,6.9397590361445785,,2013
217,0,Jake Ballard,TE,8,207.81,0,0,0,0.0,0.0,0,0.0,0,0,0,0.0,0,0,0.0,7,75,9.375,0,2,0.25,0,19.5,2.4375,JakeBallard266,10.714285714285714,,2013
218,0,A.J. Jenkins,WR,16,211.02,0,0,0,0.0,0.0,0,0.0,0,2,6,0.375,0,0,0.0,8,130,8.125,0,0,0.0,0,13.6,0.8500000000000001,AJJenkins269,3.0,16.25,2013
219,0,Nate Burleson,WR,16,211.38,0,0,0,0.0,0.0,0,0.0,0,2,-8,-0.5,0,0,0.0,39,461,28.8125,0,1,0.0625,0,51.3,3.20625,NateBurleson270,-4.0,11.82051282051282,2013
220,0,Donnie Avery,WR,16,211.88,0,0,0,0.0,0.0,0,0.0,0,2,6,0.375,0,0,0.0,40,596,37.25,0,2,0.125,1,70.20000000000002,4.387500000000001,DonnieAvery271,3.0,14.9,2013
221,0,Rashad Jennings,RB,16,212.75,0,0,0,0.0,0.0,0,0.0,0,163,733,45.8125,0,6,0.375,36,292,18.25,0,0,0.0,0,138.5,8.65625,RashadJennings273,4.496932515337424,8.11111111111111,2013
222,0,Nate Washington,WR,16,213.31,0,0,0,0.0,0.0,0,0.0,0,0,0,0.0,0,0,0.0,58,919,57.4375,0,3,0.1875,0,109.90000000000002,6.868750000000001,NateWashington275,15.844827586206893,,2013
223,0,Jacob Tamme,TE,16,213.33,0,0,0,0.0,0.0,0,0.0,0,0,0,0.0,0,0,0.0,20,184,11.5,0,1,0.0625,0,24.4,1.525,JacobTamme276,9.2,,2013
224,0,Mike Tolbert,RB,16,213.44,0,0,0,0.0,0.0,0,0.0,0,101,361,22.5625,0,5,0.3125,27,184,11.5,0,2,0.125,0,96.5,6.031250000000001,MikeTolbert277,3.5742574257425743,6.814814814814816,2013
225,0,Brandon Lloyd,WR,16,213.5,0,0,0,0.0,0.0,0,0.0,0,0,0,0.0,0,0,0.0,14,294,18.375,0,1,0.0625,0,35.40000000000001,2.2125000000000004,BrandonLloyd278,21.0,,2013
226,0,Dexter McCluster,WR,16,214.61,0,0,0,0.0,0.0,0,0.0,0,8,5,0.3125,0,0,0.0,53,511,31.9375,0,2,0.125,0,63.6,3.975,DexterMcCluster279,0.625,9.641509433962264,2013
227,0,Matt Flynn,QB,15,214.82,124,200,1392,92.8,11.225806451612904,8,0.5333333333333333,5,20,65,4.333333333333333,0,0,0.0,0,0,0.0,0,0,0.0,6,72.17999999999998,4.8119999999999985,MattFlynn280,3.25,,2013
228,0,Mike Gillislee,RB,16,215.18,0,0,0,0.0,0.0,0,0.0,0,6,21,1.3125,0,0,0.0,0,0,0.0,0,0,0.0,0,2.1,0.13125,MikeGillislee281,3.5,,2013
229,0,Jason Avant,WR,16,216.92,0,0,0,0.0,0.0,0,0.0,0,0,0,0.0,0,0,0.0,38,447,27.9375,0,2,0.125,1,54.7,3.41875,JasonAvant284,11.76315789473684,,2013
230,0,Terrance Williams,WR,16,217.41,0,0,0,0.0,0.0,0,0.0,0,3,4,0.25,0,0,0.0,44,736,46.0,0,5,0.3125,2,100.0,6.249999999999999,TerranceWilliams285,1.3333333333333333,16.727272727272727,2013
231,0,Delanie Walker,TE,16,219.52,0,0,0,0.0,0.0,0,0.0,0,0,0,0.0,0,0,0.0,60,571,35.6875,0,6,0.375,0,93.1,5.81875,DelanieWalker287,9.516666666666667,,2013
232,0,Andre Ellington,RB,16,220.52,0,0,0,0.0,0.0,0,0.0,0,118,652,40.75,0,3,0.1875,39,371,23.1875,0,1,0.0625,0,126.3,7.89375,AndreEllington288,5.52542372881356,9.512820512820513,2013
233,0,Jon Baldwin,WR,16,221.11,0,0,0,0.0,0.0,0,0.0,0,0,0,0.0,0,0,0.0,3,28,1.75,0,0,0.0,0,2.8000000000000003,0.17500000000000002,JonBaldwin289,9.333333333333334,,2013
234,0,Leonard Hankerson,WR,10,223.07,0,0,0,0.0,0.0,0,0.0,0,0,0,0.0,0,0,0.0,30,375,37.5,0,3,0.3,0,55.50000000000001,5.550000000000002,LeonardHankerson290,12.5,,2013
235,0,Scott Chandler,TE,16,224.63,0,0,0,0.0,0.0,0,0.0,0,0,0,0.0,0,0,0.0,53,655,40.9375,0,2,0.125,1,75.5,4.71875,ScottChandler291,12.358490566037734,,2013
236,0,Justin Forsett,RB,13,227.27,0,0,0,0.0,0.0,0,0.0,0,6,31,2.3846153846153846,0,0,0.0,15,82,6.307692307692308,0,0,0.0,0,11.3,0.8692307692307693,JustinForsett293,5.166666666666667,5.466666666666668,2013
237,0,Kenjon Barner,RB,16,230.36,0,0,0,0.0,0.0,0,0.0,0,6,7,0.4375,0,0,0.0,2,7,0.4375,0,0,0.0,0,1.4,0.08750000000000001,KenjonBarner294,1.1666666666666667,3.5,2013
238,0,Kirk Cousins,QB,16,231.22,81,155,854,53.375,10.54320987654321,4,0.25,7,4,14,0.875,0,0,0.0,0,0,0.0,0,0,0.0,2,33.56,2.0975,KirkCousins295,3.5,,2013
239,0,Nick Foles,QB,16,231.57,203,317,2891,180.6875,14.241379310344827,27,1.6875,2,57,221,13.8125,0,3,0.1875,0,0,0.0,0,0,0.0,2,255.74,15.98375,NickFoles296,3.877192982456141,,2013
240,0,Nick Toon,WR,16,231.89,0,0,0,0.0,0.0,0,0.0,0,0,0,0.0,0,0,0.0,4,68,4.25,0,0,0.0,0,6.8,0.425,NickToon298,17.0,,2013
241,0,Stedman Bailey,WR,16,234.24,0,0,0,0.0,0.0,0,0.0,0,2,33,2.0625,0,1,0.0625,17,226,14.125,0,0,0.0,0,31.9,1.99375,StedmanBailey299,16.5,13.294117647058822,2013
242,0,Blaine Gabbert,QB,16,237.92,42,86,481,30.0625,11.452380952380953,1,0.0625,7,9,32,2.0,0,0,0.0,0,0,0.0,0,0,0.0,0,12.44,0.7775,BlaineGabbert300,3.555555555555556,,2013
243,0,Davone Bess,WR,14,237.92,0,0,0,0.0,0.0,0,0.0,0,0,0,0.0,0,0,0.0,42,362,25.857142857142854,0,2,0.14285714285714285,1,46.2,3.3,DavoneBess301,8.619047619047619,,2013
