,Player,Pos,Games,ADP,Pass Comp,Pass Att,Pass Yds,Pass Yds Per Game,Pass Yds Avg,Pass TD,Pass TD Per Game,Int,Rush Att,Rush Yds,Rush Yds Per Game,Rush Yds Avg,Rush TD,Rush TD Per Game,Rec,Rec Yds,Rec Yds Per Game,Rec Yds Avg,Rec TD,Rec TD Per Game,Fumbles Lost,Fantasy Total,Fantasy Avg,UID,Rush Avg,Rec Avg
0,Le'Veon Bell,RB,4,3.03,0,0,0,0,0,0,0,0,0,0,0,0,0,0,0,0,0,0,0,0,0,0,0,LeVeonBell1,,
0,Ezekiel Elliott,RB,16,3.93,0,0,0,0,0,0,0,0,304,1434,89.625,0,6,0.375,77,567,35.4375,0,3,0.1875,1,252.1,15.75625,EzekielElliott2,4.717105263,7.363636364
0,David Johnson,RB,16,4.12,0,0,0,0,0,0,0,0,258,940,58.75,0,7,0.4375,50,446,27.875,0,3,0.1875,2,194.6,12.1625,DavidJohnson3,3.643410853,8.92
0,Antonio Brown,WR,16,5.9,0,0,0,0,0,0,0,0,0,0,0,0,0,0,104,1297,81.0625,0,15,0.9375,0,219.7,13.73125,AntonioBrown4,12.47115385,
0,Alvin Kamara,RB,16,6.83,0,0,0,0,0,0,0,0,194,883,55.1875,0,14,0.875,81,709,44.3125,0,4,0.25,0,267.2,16.7,AlvinKamara5,4.551546392,8.75308642
0,Saquon Barkley,RB,16,8.2,0,0,0,0,0,0,0,0,261,1307,81.6875,0,11,0.6875,91,721,45.0625,0,4,0.25,0,292.8,18.3,SaquonBarkley6,5.007662835,7.923076923
0,DeAndre Hopkins,WR,16,9.87,0,0,0,0,0,0,0,0,1,-7,-0.4375,0,0,0,115,1572,98.25,0,11,0.6875,2,218.5,13.65625,DeAndreHopkins7,-7,13.66956522
0,Todd Gurley,RB,16,10.38,0,0,0,0,0,0,0,0,256,1251,78.1875,0,17,1.0625,59,580,36.25,0,4,0.25,1,307.1,19.19375,ToddGurley8,4.88671875,9.830508475
0,Leonard Fournette,RB,15,10.63,0,0,0,0,0,0,0,0,133,439,29.26666667,0,5,0.333333333,22,185,12.33333333,0,1,0.066666667,0,98.4,6.56,LeonardFournette9,3.30075188,8.409090909
0,Odell Beckham,WR,16,11.11,0,0,0,0,0,0,0,0,5,19,1.1875,0,0,0,77,1052,65.75,0,6,0.375,1,141.1,8.81875,OdellBeckham10,3.8,13.66233766
0,Kareem Hunt,RB,11,11.83,0,0,0,0,0,0,0,0,181,824,74.90909091,0,7,0.636363636,26,378,34.36363636,0,7,0.636363636,0,204.2,18.56363636,KareemHunt11,4.552486188,14.53846154
0,Melvin Gordon,RB,16,12.99,0,0,0,0,0,0,0,0,175,885,55.3125,0,10,0.625,50,490,30.625,0,4,0.25,0,221.5,13.84375,MelvinGordon12,5.057142857,9.8
0,Dalvin Cook,RB,16,13.82,0,0,0,0,0,0,0,0,133,615,38.4375,0,2,0.125,40,305,19.0625,0,2,0.125,2,112,7,DalvinCook13,4.62406015,7.625
0,Julio Jones,WR,16,14.23,0,0,0,0,0,0,0,0,2,12,0.75,0,0,0,113,1677,104.8125,0,8,0.5,2,212.9,13.30625,JulioJones14,6,14.84070796
0,Michael Thomas,WR,16,17.02,0,0,0,0,0,0,0,0,0,0,0,0,0,0,125,1405,87.8125,0,9,0.5625,2,190.5,11.90625,MichaelThomas15,11.24,
0,Christian McCaffrey,RB,16,17.15,0,0,0,0,0,0,0,0,219,1098,68.625,0,7,0.4375,107,867,54.1875,0,6,0.375,1,272.5,17.03125,ChristianMcCaffrey16,5.01369863,8.102803738
0,Davante Adams,WR,16,19.01,0,0,0,0,0,0,0,0,0,0,0,0,0,0,111,1386,86.625,0,13,0.8125,0,216.6,13.5375,DavanteAdams17,12.48648649,
0,Keenan Allen,WR,16,19.25,0,0,0,0,0,0,0,0,9,75,4.6875,0,0,0,97,1196,74.75,0,6,0.375,1,161.1,10.06875,KeenanAllen18,8.333333333,12.32989691
0,Aaron Rodgers,QB,16,22.23,372,597,4442,277.625,11.94086022,25,1.5625,2,43,269,16.8125,0,2,0.125,0,0,0,0,0,0,3,306.58,19.16125,AaronRodgers19,6.255813953,
0,Rob Gronkowski,TE,16,22.44,0,0,0,0,0,0,0,0,0,0,0,0,0,0,47,682,42.625,0,3,0.1875,1,84.2,5.2625,RobGronkowski20,14.5106383,
0,Mike Evans,WR,16,25.86,0,0,0,0,0,0,0,0,0,0,0,0,0,0,86,1524,95.25,0,8,0.5,1,198.4,12.4,MikeEvans21,17.72093023,
0,Joe Mixon,RB,16,26.29,0,0,0,0,0,0,0,0,237,1168,73,0,8,0.5,43,296,18.5,0,1,0.0625,0,200.4,12.525,JoeMixon22,4.928270042,6.88372093
0,Travis Kelce,TE,16,27.66,0,0,0,0,0,0,0,0,0,0,0,0,0,0,103,1336,83.5,0,10,0.625,1,191.6,11.975,TravisKelce23,12.97087379,
0,Tyreek Hill,WR,16,27.75,0,0,0,0,0,0,0,0,22,151,9.4375,0,1,0.0625,87,1479,92.4375,0,12,0.75,0,241,15.0625,TyreekHill24,6.863636364,17
0,Jordan Howard,RB,16,28.04,0,0,0,0,0,0,0,0,250,935,58.4375,0,9,0.5625,20,145,9.0625,0,0,0,1,160,10,JordanHoward25,3.74,7.25
0,Stefon Diggs,WR,16,32.83,0,0,0,0,0,0,0,0,10,62,3.875,0,0,0,102,1021,63.8125,0,9,0.5625,0,162.3,10.14375,StefonDiggs26,6.2,10.00980392
0,LeSean McCoy,RB,16,33.96,0,0,0,0,0,0,0,0,161,514,32.125,0,3,0.1875,34,238,14.875,0,0,0,0,93.2,5.825,LeSeanMcCoy27,3.192546584,7
0,T.Y. Hilton,WR,16,34.56,0,0,0,0,0,0,0,0,0,0,0,0,0,0,76,1270,79.375,0,6,0.375,0,163,10.1875,TYHilton28,16.71052632,
0,Deshaun Watson,QB,16,37.64,345,505,4165,260.3125,12.07246377,26,1.625,9,99,551,34.4375,0,5,0.3125,0,0,0,0,0,0,3,331.7,20.73125,DeshaunWatson29,5.565656566,
0,Amari Cooper,WR,15,39.29,0,0,0,0,0,0,0,0,2,20,1.333333333,0,0,0,75,1005,67,0,7,0.466666667,2,140.5,9.366666667,AmariCooper30,10,13.4
0,Adam Thielen,WR,16,41.25,0,0,0,0,0,0,0,0,5,30,1.875,0,0,0,113,1373,85.8125,0,9,0.5625,1,192.3,12.01875,AdamThielen31,6,12.15044248
0,Zach Ertz,TE,16,41.26,0,0,0,0,0,0,0,0,0,0,0,0,0,0,116,1163,72.6875,0,8,0.5,0,164.3,10.26875,ZachErtz32,10.02586207,
0,Jarvis Landry,WR,16,41.73,0,0,0,0,0,0,0,0,3,60,3.75,0,1,0.0625,81,976,61,0,4,0.25,1,131.6,8.225,JarvisLandry33,20,12.04938272
0,Larry Fitzgerald,WR,16,43.73,0,0,0,0,0,0,0,0,0,0,0,0,0,0,69,734,45.875,0,6,0.375,0,109.4,6.8375,LarryFitzgerald34,10.63768116,
0,Tom Brady,QB,16,43.82,375,570,4355,272.1875,11.61333333,29,1.8125,11,23,35,2.1875,0,2,0.125,0,0,0,0,0,0,2,279.7,17.48125,TomBrady35,1.52173913,
0,JuJu Smith-Schuster,WR,16,44.1,0,0,0,0,0,0,0,0,1,13,0.8125,0,0,0,111,1426,89.125,0,7,0.4375,1,183.9,11.49375,JuJuSmithSchuster36,13,12.84684685
0,Russell Wilson,QB,16,44.46,280,427,3448,215.5,12.31428571,35,2.1875,7,67,376,23.5,0,0,0,0,0,0,0,0,0,2,297.52,18.595,RussellWilson37,5.611940299,
0,Doug Baldwin,WR,16,45.27,0,0,0,0,0,0,0,0,0,0,0,0,0,0,50,618,38.625,0,5,0.3125,0,91.8,5.7375,DougBaldwin38,12.36,
0,Brandin Cooks,WR,16,45.45,0,0,0,0,0,0,0,0,10,68,4.25,0,1,0.0625,80,1204,75.25,0,5,0.3125,0,163.2,10.2,BrandinCooks39,6.8,15.05
0,Kenyan Drake,RB,16,46.64,0,0,0,0,0,0,0,0,120,535,33.4375,0,4,0.25,53,477,29.8125,0,5,0.3125,1,153.2,9.575,KenyanDrake40,4.458333333,9
0,Allen Robinson,WR,16,51.29,0,0,0,0,0,0,0,0,1,9,0.5625,0,0,0,55,754,47.125,0,4,0.25,1,98.3,6.14375,AllenRobinson41,9,13.70909091
0,Derrick Henry,RB,16,52.82,0,0,0,0,0,0,0,0,215,1059,66.1875,0,12,0.75,15,99,6.1875,0,0,0,1,185.8,11.6125,DerrickHenry42,4.925581395,6.6
0,Lamar Miller,RB,16,55.18,0,0,0,0,0,0,0,0,210,973,60.8125,0,5,0.3125,25,163,10.1875,0,1,0.0625,1,147.6,9.225,LamarMiller43,4.633333333,6.52
0,Cam Newton,QB,16,57.8,320,471,3395,212.1875,10.609375,24,1.5,13,101,488,30.5,0,4,0.25,0,0,0,0,0,0,0,278.6,17.4125,CamNewton44,4.831683168,
0,Royce Freeman,RB,16,58.08,0,0,0,0,0,0,0,0,130,521,32.5625,0,5,0.3125,14,72,4.5,0,0,0,1,87.3,5.45625,RoyceFreeman45,4.007692308,5.142857143
0,Jimmy Graham,TE,16,59.94,0,0,0,0,0,0,0,0,0,0,0,0,0,0,55,636,39.75,0,2,0.125,0,75.6,4.725,JimmyGraham46,11.56363636,
0,Golden Tate,WR,15,61.34,0,0,0,0,0,0,0,0,4,34,2.266666667,0,0,0,74,795,53,0,4,0.266666667,0,106.9,7.126666667,GoldenTate47,8.5,10.74324324
0,Chris Hogan,WR,16,62.95,0,0,0,0,0,0,0,0,0,0,0,0,0,0,35,532,33.25,0,3,0.1875,0,71.2,4.45,ChrisHogan48,15.2,
0,Drew Brees,QB,16,64.76,364,489,3992,249.5,10.96703297,32,2,5,31,22,1.375,0,4,0.25,0,0,0,0,0,0,1,301.88,18.8675,DrewBrees49,0.709677419,
0,Evan Engram,TE,16,65.48,0,0,0,0,0,0,0,0,3,36,2.25,0,0,0,45,577,36.0625,0,3,0.1875,0,79.3,4.95625,EvanEngram50,12,12.82222222
0,Mark Ingram,RB,12,66.04,0,0,0,0,0,0,0,0,138,645,53.75,0,6,0.5,21,170,14.16666667,0,1,0.083333333,1,121.5,10.125,MarkIngram51,4.673913043,8.095238095
0,Corey Davis,WR,16,67.34,0,0,0,0,0,0,0,0,6,55,3.4375,0,0,0,65,891,55.6875,0,4,0.25,0,118.6,7.4125,CoreyDavis52,9.166666667,13.70769231
0,Alshon Jeffery,WR,16,67.77,0,0,0,0,0,0,0,0,0,0,0,0,0,0,65,843,52.6875,0,6,0.375,0,120.3,7.51875,AlshonJeffery53,12.96923077,
0,Sony Michel,RB,16,69.67,0,0,0,0,0,0,0,0,209,931,58.1875,0,6,0.375,7,50,3.125,0,0,0,1,132.1,8.25625,SonyMichel54,4.454545455,7.142857143
0,Carson Wentz,QB,16,69.98,279,401,3074,192.125,11.01792115,21,1.3125,7,34,93,5.8125,0,0,0,0,0,0,0,0,0,6,190.26,11.89125,CarsonWentz55,2.735294118,
0,Jamaal Williams,RB,16,72.99,0,0,0,0,0,0,0,0,121,464,29,0,3,0.1875,27,210,13.125,0,0,0,0,85.4,5.3375,JamaalWilliams56,3.834710744,7.777777778
0,Sammy Watkins,WR,16,78.16,0,0,0,0,0,0,0,0,5,52,3.25,0,0,0,40,519,32.4375,0,3,0.1875,0,75.1,4.69375,SammyWatkins57,10.4,12.975
0,Dion Lewis,RB,16,78.83,0,0,0,0,0,0,0,0,155,517,32.3125,0,1,0.0625,59,400,25,0,1,0.0625,1,101.7,6.35625,DionLewis58,3.335483871,6.779661017
0,Julian Edelman,WR,12,80.08,0,0,0,0,0,0,0,0,9,107,8.916666667,0,0,0,74,850,70.83333333,0,6,0.5,0,131.7,10.975,JulianEdelman59,11.88888889,11.48648649
0,Michael Crabtree,WR,16,81.41,0,0,0,0,0,0,0,0,0,0,0,0,0,0,54,607,37.9375,0,3,0.1875,0,78.7,4.91875,MichaelCrabtree60,11.24074074,
0,Rex Burkhead,RB,8,81.54,0,0,0,0,0,0,0,0,57,186,23.25,0,0,0,14,131,16.375,0,1,0.125,1,35.7,4.4625,RexBurkhead61,3.263157895,9.357142857
0,Tevin Coleman,RB,16,81.66,0,0,0,0,0,0,0,0,167,800,50,0,4,0.25,32,276,17.25,0,5,0.3125,0,161.6,10.1,TevinColeman62,4.790419162,8.625
0,Kirk Cousins,QB,16,82,425,606,4298,268.625,10.11294118,30,1.875,10,44,123,7.6875,0,1,0.0625,0,0,0,0,0,0,7,276.22,17.26375,KirkCousins63,2.795454545,
0,Carlos Hyde,RB,16,83.34,0,0,0,0,0,0,0,0,172,571,35.6875,0,5,0.3125,10,33,2.0625,0,0,0,1,88.4,5.525,CarlosHyde64,3.319767442,3.3
0,Kyle Rudolph,TE,16,84.21,0,0,0,0,0,0,0,0,0,0,0,0,0,0,64,634,39.625,0,4,0.25,0,87.4,5.4625,KyleRudolph65,9.90625,
0,Andrew Luck,QB,16,85.03,430,639,4593,287.0625,10.68139535,39,2.4375,15,46,148,9.25,0,0,0,0,0,0,0,0,0,1,322.52,20.1575,AndrewLuck66,3.217391304,
0,Rashaad Penny,RB,16,86.74,0,0,0,0,0,0,0,0,85,419,26.1875,0,2,0.125,9,75,4.6875,0,0,0,0,61.4,3.8375,RashaadPenny68,4.929411765,8.333333333
0,Marquise Goodwin,WR,16,87.31,0,0,0,0,0,0,0,0,4,9,0.5625,0,0,0,23,395,24.6875,0,4,0.25,0,64.4,4.025,MarquiseGoodwin69,2.25,17.17391304
0,Jordy Nelson,WR,16,87.7,0,0,0,0,0,0,0,0,1,-2,-0.125,0,0,0,63,739,46.1875,0,3,0.1875,0,91.7,5.73125,JordyNelson70,-2,11.73015873
0,Matthew Stafford,QB,16,90.45,367,555,3777,236.0625,10.29155313,21,1.3125,11,25,71,4.4375,0,0,0,0,0,0,0,0,0,4,212.18,13.26125,MatthewStafford71,2.84,
0,Robert Woods,WR,16,91.68,0,0,0,0,0,0,0,0,19,157,9.8125,0,1,0.0625,86,1219,76.1875,0,6,0.375,0,179.6,11.225,RobertWoods72,8.263157895,14.1744186
0,Trey Burton,TE,16,92.58,0,0,0,0,0,0,0,0,1,2,0.125,0,0,0,54,569,35.5625,0,6,0.375,1,91.1,5.69375,TreyBurton73,2,10.53703704
0,Ben Roethlisberger,QB,16,92.88,452,675,5129,320.5625,11.34734513,34,2.125,16,31,98,6.125,0,3,0.1875,0,0,0,0,0,0,2,332.96,20.81,BenRoethlisberger74,3.161290323,
0,Philip Rivers,QB,16,93.82,347,508,4308,269.25,12.41498559,32,2,12,18,7,0.4375,0,0,0,0,0,0,0,0,0,1,275.02,17.18875,PhilipRivers75,0.388888889,
0,Tarik Cohen,RB,16,93.88,0,0,0,0,0,0,0,0,99,444,27.75,0,3,0.1875,71,725,45.3125,0,5,0.3125,3,158.9,9.93125,TarikCohen76,4.484848485,10.21126761
0,Devin Funchess,WR,16,94.8,0,0,0,0,0,0,0,0,0,0,0,0,0,0,44,549,34.3125,0,4,0.25,0,78.9,4.93125,DevinFunchess77,12.47727273,
0,Duke Johnson,RB,16,97,0,0,0,0,0,0,0,0,40,201,12.5625,0,0,0,47,429,26.8125,0,3,0.1875,0,81,5.0625,DukeJohnson78,5.025,9.127659574
0,Matt Ryan,QB,16,98.76,422,608,4924,307.75,11.66824645,35,2.1875,7,33,125,7.8125,0,3,0.1875,0,0,0,0,0,0,5,343.46,21.46625,MattRyan79,3.787878788,
0,Marlon Mack,RB,16,100.84,0,0,0,0,0,0,0,0,195,908,56.75,0,9,0.5625,17,103,6.4375,0,1,0.0625,2,157.1,9.81875,MarlonMack80,4.656410256,6.058823529
0,DeVante Parker,WR,16,103.22,0,0,0,0,0,0,0,0,0,0,0,0,0,0,24,309,19.3125,0,1,0.0625,0,36.9,2.30625,DeVanteParker81,12.875,
0,Ronald Jones,RB,16,103.65,0,0,0,0,0,0,0,0,23,44,2.75,0,1,0.0625,7,33,2.0625,0,0,0,0,13.7,0.85625,RonaldJones82,1.913043478,4.714285714
0,Robby Anderson,WR,16,103.76,0,0,0,0,0,0,0,0,2,-8,-0.5,0,0,0,50,752,47,0,6,0.375,2,106.4,6.65,RobbyAnderson83,-4,15.04
0,Jared Goff,QB,16,104.43,364,561,4688,293,12.87912088,32,2,12,43,108,6.75,0,2,0.125,0,0,0,0,0,0,5,304.32,19.02,JaredGoff84,2.511627907,
0,Chris Thompson,RB,16,106.35,0,0,0,0,0,0,0,0,43,178,11.125,0,0,0,41,268,16.75,0,1,0.0625,0,50.6,3.1625,ChrisThompson86,4.139534884,6.536585366
0,Jamison Crowder,WR,16,106.91,0,0,0,0,0,0,0,0,4,30,1.875,0,0,0,29,388,24.25,0,2,0.125,0,53.8,3.3625,JamisonCrowder87,7.5,13.37931034
0,Adrian Peterson,RB,16,108.1,0,0,0,0,0,0,0,0,251,1042,65.125,0,7,0.4375,20,208,13,0,1,0.0625,2,169,10.5625,AdrianPeterson88,4.151394422,10.4
0,Patrick Mahomes,QB,16,110.43,383,580,5097,318.5625,13.30809399,50,3.125,12,60,272,17,0,2,0.125,0,0,0,0,0,0,2,415.08,25.9425,PatrickMahomes90,4.533333333,
0,Chris Carson,RB,16,110.75,0,0,0,0,0,0,0,0,247,1151,71.9375,0,9,0.5625,20,163,10.1875,0,0,0,2,181.4,11.3375,ChrisCarson91,4.659919028,8.15
0,Nelson Agholor,WR,16,110.76,0,0,0,0,0,0,0,0,3,32,2,0,0,0,64,736,46,0,4,0.25,0,100.8,6.3,NelsonAgholor92,10.66666667,11.5
0,Randall Cobb,WR,16,110.99,0,0,0,0,0,0,0,0,0,0,0,0,0,0,38,383,23.9375,0,2,0.125,1,48.3,3.01875,RandallCobb93,10.07894737,
0,David Njoku,TE,16,113.97,0,0,0,0,0,0,0,0,0,0,0,0,0,0,56,639,39.9375,0,4,0.25,0,87.9,5.49375,DavidNjoku95,11.41071429,
0,Sterling Shepard,WR,16,117.15,0,0,0,0,0,0,0,0,3,33,2.0625,0,0,0,66,872,54.5,0,4,0.25,0,114.5,7.15625,SterlingShepard96,11,13.21212121
0,Peyton Barber,RB,16,117.73,0,0,0,0,0,0,0,0,234,871,54.4375,0,5,0.3125,20,92,5.75,0,1,0.0625,1,130.3,8.14375,PeytonBarber97,3.722222222,4.6
0,Kenny Stills,WR,16,118.1,0,0,0,0,0,0,0,0,0,0,0,0,0,0,37,553,34.5625,0,6,0.375,0,91.3,5.70625,KennyStills98,14.94594595,
0,Nick Chubb,RB,16,122.7,0,0,0,0,0,0,0,0,192,996,62.25,0,8,0.5,20,149,9.3125,0,2,0.125,0,174.5,10.90625,NickChubb100,5.1875,7.45
0,Dak Prescott,QB,16,123.94,356,526,3885,242.8125,10.91292135,22,1.375,8,75,305,19.0625,0,6,0.375,0,0,0,0,0,0,6,281.9,17.61875,DakPrescott102,4.066666667,
0,James White,RB,16,126.14,0,0,0,0,0,0,0,0,94,425,26.5625,0,5,0.3125,87,751,46.9375,0,7,0.4375,0,189.6,11.85,JamesWhite103,4.521276596,8.632183908
0,Marcus Mariota,QB,16,126.26,228,331,2528,158,11.0877193,11,0.6875,8,64,357,22.3125,0,2,0.125,0,0,0,0,0,0,2,172.82,10.80125,MarcusMariota104,5.578125,
0,Alfred Morris,RB,16,127.26,0,0,0,0,0,0,0,0,111,428,26.75,0,2,0.125,8,73,4.5625,0,0,0,1,60.1,3.75625,AlfredMorris105,3.855855856,9.125
0,Kelvin Benjamin,WR,16,130.18,0,0,0,0,0,0,0,0,0,0,0,0,0,0,25,380,23.75,0,1,0.0625,0,44,2.75,KelvinBenjamin106,15.2,
0,Keelan Cole,WR,16,130.31,0,0,0,0,0,0,0,0,0,0,0,0,0,0,38,491,30.6875,0,1,0.0625,2,51.1,3.19375,KeelanCole107,12.92105263,
0,D.J. Moore,WR,16,131.08,0,0,0,0,0,0,0,0,13,172,10.75,0,0,0,55,788,49.25,0,2,0.125,3,102,6.375,DJMoore109,13.23076923,14.32727273
0,Derek Carr,QB,16,131.21,381,553,4049,253.0625,10.62729659,19,1.1875,10,24,47,2.9375,0,1,0.0625,0,0,0,0,0,0,7,214.66,13.41625,DerekCarr110,1.958333333,
0,Calvin Ridley,WR,16,131.85,0,0,0,0,0,0,0,0,6,27,1.6875,0,0,0,64,821,51.3125,0,10,0.625,1,142.8,8.925,CalvinRidley111,4.5,12.828125
0,George Kittle,TE,16,133.19,0,0,0,0,0,0,0,0,1,10,0.625,0,0,0,88,1377,86.0625,0,5,0.3125,0,168.7,10.54375,GeorgeKittle112,10,15.64772727
0,Mike Williams,WR,16,133.98,0,0,0,0,0,0,0,0,7,28,1.75,0,1,0.0625,43,664,41.5,0,10,0.625,0,135.2,8.45,MikeWilliams114,4,15.44186047
0,Giovani Bernard,RB,16,134.91,0,0,0,0,0,0,0,0,56,211,13.1875,0,3,0.1875,35,218,13.625,0,0,0,0,60.9,3.80625,GiovaniBernard116,3.767857143,6.228571429
0,C.J. Anderson,RB,12,135.8,0,0,0,0,0,0,0,0,67,403,33.58333333,0,2,0.166666667,5,41,3.416666667,0,1,0.083333333,0,62.4,5.2,CJAnderson117,6.014925373,8.2
0,Devontae Booker,RB,16,139.65,0,0,0,0,0,0,0,0,34,183,11.4375,0,1,0.0625,38,275,17.1875,0,0,0,1,49.8,3.1125,DevontaeBooker118,5.382352941,7.236842105
0,Jameis Winston,QB,13,140.21,244,378,2992,230.1538462,12.26229508,19,1.461538462,14,49,281,21.61538462,0,1,0.076923077,0,0,0,0,0,0,3,195.78,15.06,JameisWinston119,5.734693878,
0,Kenny Golladay,WR,16,142.43,0,0,0,0,0,0,0,0,1,8,0.5,0,0,0,70,1063,66.4375,0,5,0.3125,0,137.1,8.56875,KennyGolladay121,8,15.18571429
0,Josh Doctson,WR,16,142.66,0,0,0,0,0,0,0,0,0,0,0,0,0,0,44,532,33.25,0,2,0.125,0,65.2,4.075,JoshDoctson122,12.09090909,
0,Latavius Murray,RB,16,142.93,0,0,0,0,0,0,0,0,140,578,36.125,0,6,0.375,22,141,8.8125,0,0,0,0,107.9,6.74375,LataviusMurray123,4.128571429,6.409090909
0,Ty Montgomery,RB,15,144.39,0,0,0,0,0,0,0,0,41,188,12.53333333,0,1,0.066666667,25,235,15.66666667,0,0,0,1,46.3,3.086666667,TyMontgomery126,4.585365854,9.4
0,Mitchell Trubisky,QB,16,145.51,289,434,3223,201.4375,11.15224913,24,1.5,12,68,421,26.3125,0,3,0.1875,0,0,0,0,0,0,3,255.02,15.93875,MitchellTrubisky127,6.191176471,
0,Blake Bortles,QB,16,148.58,243,403,2718,169.875,11.18518519,13,0.8125,11,58,365,22.8125,0,1,0.0625,0,0,0,0,0,0,4,173.22,10.82625,BlakeBortles128,6.293103448,
0,Michael Gallup,WR,16,150.33,0,0,0,0,0,0,0,0,0,0,0,0,0,0,33,507,31.6875,0,2,0.125,0,62.7,3.91875,MichaelGallup130,15.36363636,
0,Tyler Lockett,WR,16,150.94,0,0,0,0,0,0,0,0,13,69,4.3125,0,0,0,57,965,60.3125,0,10,0.625,0,163.4,10.2125,TylerLockett131,5.307692308,16.92982456
0,Ted Ginn,WR,7,152.6,0,0,0,0,0,0,0,0,3,26,3.714285714,0,0,0,17,209,29.85714286,0,2,0.285714286,1,33.5,4.785714286,TedGinnJr132,8.666666667,12.29411765
0,Mohamed Sanu,WR,16,153.59,0,0,0,0,0,0,0,0,7,44,2.75,0,0,0,66,838,52.375,0,4,0.25,1,110.2,6.8875,MohamedSanu134,6.285714286,12.6969697
0,Case Keenum,QB,16,153.79,365,586,3890,243.125,10.65753425,18,1.125,15,26,93,5.8125,0,2,0.125,0,0,0,0,0,0,2,214.9,13.43125,CaseKeenum135,3.576923077,
0,Eli Manning,QB,16,153.84,380,576,4299,268.6875,11.31315789,21,1.3125,11,15,20,1.25,0,1,0.0625,0,0,0,0,0,0,4,233.96,14.6225,EliManning136,1.333333333,
0,Anthony Miller,WR,16,155.52,0,0,0,0,0,0,0,0,6,26,1.625,0,0,0,33,423,26.4375,0,7,0.4375,0,86.9,5.43125,AnthonyMiller138,4.333333333,12.81818182
0,D'Onta Foreman,RB,4,155.61,0,0,0,0,0,0,0,0,7,-1,-0.25,0,0,0,2,28,7,0,1,0.25,0,8.7,2.175,DOntaForeman139,-0.142857143,14
0,Baker Mayfield,QB,16,157.03,310,486,3725,232.8125,12.01612903,27,1.6875,14,39,131,8.1875,0,0,0,0,0,0,0,0,0,3,236.1,14.75625,BakerMayfield141,3.358974359,
0,DeSean Jackson,WR,16,157.6,0,0,0,0,0,0,0,0,6,29,1.8125,0,1,0.0625,41,774,48.375,0,4,0.25,0,110.3,6.89375,DeSeanJackson142,4.833333333,18.87804878
0,Chris Godwin,WR,16,158.57,0,0,0,0,0,0,0,0,0,0,0,0,0,0,59,842,52.625,0,7,0.4375,1,124.2,7.7625,ChrisGodwin144,14.27118644,
0,Eric Ebron,TE,16,159.42,0,0,0,0,0,0,0,0,3,-8,-0.5,0,1,0.0625,66,750,46.875,0,13,0.8125,1,156.2,9.7625,EricEbron145,-2.666666667,11.36363636
0,Mike Gesicki,TE,16,159.86,0,0,0,0,0,0,0,0,0,0,0,0,0,0,22,202,12.625,0,0,0,1,18.2,1.1375,MikeGesicki147,9.181818182,
0,Nyheim Hines,RB,16,161.38,0,0,0,0,0,0,0,0,85,314,19.625,0,2,0.125,63,425,26.5625,0,2,0.125,0,97.9,6.11875,NyheimHines148,3.694117647,6.746031746
0,Lamar Jackson,QB,16,161.76,99,170,1201,75.0625,12.13131313,6,0.375,3,147,695,43.4375,0,5,0.3125,0,0,0,0,0,0,4,157.54,9.84625,LamarJackson150,4.727891156,
0,Courtland Sutton,WR,16,162.33,0,0,0,0,0,0,0,0,1,-1,-0.0625,0,0,0,42,704,44,0,4,0.25,0,94.3,5.89375,CourtlandSutton151,-1,16.76190476
0,Jared Cook,TE,16,162.61,0,0,0,0,0,0,0,0,0,0,0,0,0,0,68,896,56,0,6,0.375,0,125.6,7.85,JaredCook152,13.17647059,
0,Josh Rosen,QB,16,163.34,217,393,2278,142.375,10.49769585,11,0.6875,14,23,138,8.625,0,0,0,0,0,0,0,0,0,5,110.92,6.9325,JoshRosen154,6,
0,Theo Riddick,RB,16,164.31,0,0,0,0,0,0,0,0,40,171,10.6875,0,0,0,61,384,24,0,0,0,0,55.5,3.46875,TheoRiddick156,4.275,6.295081967
0,Tyrell Williams,WR,16,165.29,0,0,0,0,0,0,0,0,2,15,0.9375,0,0,0,41,653,40.8125,0,5,0.3125,0,96.8,6.05,TyrellWilliams158,7.5,15.92682927
0,John Ross,WR,16,165.58,0,0,0,0,0,0,0,0,4,9,0.5625,0,0,0,21,210,13.125,0,7,0.4375,0,63.9,3.99375,JohnRoss159,2.25,10
0,Sam Darnold,QB,16,165.58,239,414,2865,179.0625,11.9874477,17,1.0625,15,44,138,8.625,0,1,0.0625,0,0,0,0,0,0,2,168.4,10.525,SamDarnold160,3.136363636,
0,Tyrod Taylor,QB,16,166.39,42,85,473,29.5625,11.26190476,2,0.125,2,16,125,7.8125,0,1,0.0625,0,0,0,0,0,0,0,41.42,2.58875,TyrodTaylor161,7.8125,
0,James Conner,RB,16,166.5,0,0,0,0,0,0,0,0,215,973,60.8125,0,12,0.75,55,497,31.0625,0,1,0.0625,2,221,13.8125,JamesConner162,4.525581395,9.036363636
0,Ryan Tannehill,QB,16,168.06,176,274,1979,123.6875,11.24431818,17,1.0625,9,32,145,9.0625,0,0,0,0,0,0,0,0,0,4,135.66,8.47875,RyanTannehill163,4.53125,
0,Vance McDonald,TE,16,168.11,0,0,0,0,0,0,0,0,0,0,0,0,0,0,50,610,38.125,0,4,0.25,1,83,5.1875,VanceMcDonald164,12.2,
0,Jordan Wilkins,RB,16,168.49,0,0,0,0,0,0,0,0,60,336,21,0,1,0.0625,16,85,5.3125,0,0,0,2,44.1,2.75625,JordanWilkins165,5.6,5.3125
0,Cameron Brate,TE,16,169.8,0,0,0,0,0,0,0,0,0,0,0,0,0,0,30,289,18.0625,0,6,0.375,1,62.9,3.93125,CameronBrate166,9.633333333,
0,Charles Clay,TE,16,170.68,0,0,0,0,0,0,0,0,0,0,0,0,0,0,21,184,11.5,0,0,0,1,16.4,1.025,CharlesClay167,8.761904762,
0,Javorius Allen,RB,16,170.92,0,0,0,0,0,0,0,0,41,110,6.875,0,3,0.1875,35,196,12.25,0,2,0.125,1,58.6,3.6625,JavoriusAllen169,2.682926829,5.6
0,Hayden Hurst,TE,16,172.83,0,0,0,0,0,0,0,0,1,0,0,0,0,0,13,163,10.1875,0,1,0.0625,0,22.3,1.39375,HaydenHurst172,0,12.53846154
0,Doug Martin,RB,16,172.86,0,0,0,0,0,0,0,0,172,723,45.1875,0,4,0.25,18,116,7.25,0,0,0,3,101.9,6.36875,DougMartin173,4.203488372,6.444444444
0,Joe Flacco,QB,16,173.93,232,379,2465,154.0625,10.625,12,0.75,6,19,45,2.8125,0,0,0,0,0,0,0,0,0,1,137.1,8.56875,JoeFlacco174,2.368421053,
0,Austin Hooper,TE,16,175.2,0,0,0,0,0,0,0,0,0,0,0,0,0,0,71,660,41.25,0,4,0.25,0,90,5.625,AustinHooper175,9.295774648,
0,Dede Westbrook,WR,16,175.64,0,0,0,0,0,0,0,0,9,98,6.125,0,0,0,66,717,44.8125,0,5,0.3125,2,107.5,6.71875,DedeWestbrook176,10.88888889,10.86363636
0,John Brown,WR,16,176.08,0,0,0,0,0,0,0,0,3,4,0.25,0,0,0,42,715,44.6875,0,5,0.3125,0,101.9,6.36875,JohnBrown177,1.333333333,17.02380952
0,LeGarrette Blount,RB,16,176.21,0,0,0,0,0,0,0,0,154,418,26.125,0,5,0.3125,10,67,4.1875,0,0,0,1,76.5,4.78125,LeGarretteBlount178,2.714285714,6.7
0,T.J. Yeldon,RB,16,176.88,0,0,0,0,0,0,0,0,104,414,25.875,0,1,0.0625,55,487,30.4375,0,4,0.25,1,118.1,7.38125,TJYeldon179,3.980769231,8.854545455
0,James Washington,WR,16,177.1,0,0,0,0,0,0,0,0,0,0,0,0,0,0,16,217,13.5625,0,1,0.0625,0,27.7,1.73125,JamesWashington180,13.5625,
0,Antonio Gates,TE,16,178.63,0,0,0,0,0,0,0,0,0,0,0,0,0,0,28,333,20.8125,0,2,0.125,1,43.3,2.70625,AntonioGates183,11.89285714,
0,Austin Ekeler,RB,16,180.07,0,0,0,0,0,0,0,0,106,554,34.625,0,3,0.1875,39,404,25.25,0,3,0.1875,1,129.8,8.1125,AustinEkeler184,5.226415094,10.35897436
0,Kalen Ballage,RB,16,181.55,0,0,0,0,0,0,0,0,36,191,11.9375,0,1,0.0625,9,56,3.5,0,0,0,1,28.7,1.79375,KalenBallage187,5.305555556,6.222222222
0,Ricky Seals-Jones,TE,16,182.01,0,0,0,0,0,0,0,0,0,0,0,0,0,0,34,343,21.4375,0,1,0.0625,0,40.3,2.51875,RickySealsJones188,10.08823529,
0,Spencer Ware,RB,16,182.98,0,0,0,0,0,0,0,0,51,246,15.375,0,2,0.125,20,224,14,0,0,0,0,59,3.6875,SpencerWare190,4.823529412,11.2
0,Josh Allen 4,QB,16,185.65,169,320,2074,129.625,12.27218935,10,0.625,12,89,631,39.4375,0,8,0.5,0,0,0,0,0,0,2,206.06,12.87875,JoshAllen194,7.08988764,
0,Danny Amendola,WR,16,188.24,0,0,0,0,0,0,0,0,1,-2,-0.125,0,0,0,59,575,35.9375,0,1,0.0625,0,63.3,3.95625,DannyAmendola198,-2,9.745762712
0,Dallas Goedert,TE,16,188.35,0,0,0,0,0,0,0,0,0,0,0,0,0,0,33,334,20.875,0,4,0.25,0,57.4,3.5875,DallasGoedert199,10.12121212,
0,Benjamin Watson,TE,16,188.55,0,0,0,0,0,0,0,0,0,0,0,0,0,0,35,400,25,0,2,0.125,0,52,3.25,BenWatson200,11.42857143,
0,Donte Moncrief,WR,16,188.8,0,0,0,0,0,0,0,0,0,0,0,0,0,0,48,668,41.75,0,3,0.1875,1,82.8,5.175,DonteMoncrief201,13.91666667,
0,Sam Bradford,QB,8,189.7,50,80,400,50,8,2,0.25,4,2,7,0.875,0,0,0,0,0,0,0,0,0,2,12.7,1.5875,SamBradford202,3.5,
0,Chris Ivory,RB,16,192.71,0,0,0,0,0,0,0,0,115,385,24.0625,0,1,0.0625,13,205,12.8125,0,0,0,0,65,4.0625,ChrisIvory205,3.347826087,15.76923077
0,Jordan Matthews,WR,14,192.94,0,0,0,0,0,0,0,0,0,0,0,0,0,0,20,300,21.42857143,0,2,0.142857143,0,42,3,JordanMatthews206,15,
0,Kenneth Dixon,RB,6,198.32,0,0,0,0,0,0,0,0,60,333,55.5,0,2,0.333333333,6,51,8.5,0,0,0,1,48.4,8.066666667,KennethDixon213,5.55,8.5
0,Samaje Perine,RB,16,198.84,0,0,0,0,0,0,0,0,8,32,2,0,0,0,3,5,0.3125,0,0,0,0,3.7,0.23125,SamajePerine214,4,1.666666667
0,Tre'Quan Smith,WR,16,204.92,0,0,0,0,0,0,0,0,0,0,0,0,0,0,28,427,26.6875,0,5,0.3125,0,72.7,4.54375,TreQuanSmith216,15.25,
0,John Kelly,RB,16,205.54,0,0,0,0,0,0,0,0,27,74,4.625,0,0,0,2,27,1.6875,0,0,0,0,10.1,0.63125,JohnKelly217,2.740740741,13.5
0,Corey Coleman,WR,10,205.93,0,0,0,0,0,0,0,0,1,5,0.5,0,0,0,5,71,7.1,0,0,0,0,7.6,0.76,CoreyColeman218,5,14.2
0,Cole Beasley,WR,16,208.37,0,0,0,0,0,0,0,0,0,0,0,0,0,0,65,672,42,0,3,0.1875,0,85.2,5.325,ColeBeasley222,10.33846154,
0,Nick Vannett,TE,16,208.71,0,0,0,0,0,0,0,0,0,0,0,0,0,0,29,269,16.8125,0,3,0.1875,0,44.9,2.80625,NickVannett224,9.275862069,
0,Chase Edmonds,RB,16,208.94,0,0,0,0,0,0,0,0,60,208,13,0,2,0.125,20,103,6.4375,0,0,0,0,43.1,2.69375,ChaseEdmonds225,3.466666667,5.15
0,Taywan Taylor,WR,16,210.31,0,0,0,0,0,0,0,0,0,0,0,0,0,0,37,466,29.125,0,1,0.0625,1,50.6,3.1625,TaywanTaylor227,12.59459459,
0,Antonio Callaway,WR,16,211.37,0,0,0,0,0,0,0,0,2,7,0.4375,0,0,0,43,586,36.625,0,5,0.3125,1,87.3,5.45625,AntonioCallaway228,3.5,13.62790698
0,Vernon Davis,TE,16,213.21,0,0,0,0,0,0,0,0,0,0,0,0,0,0,25,367,22.9375,0,2,0.125,0,48.7,3.04375,VernonDavis229,14.68,
0,Ryan Grant,WR,16,217.84,0,0,0,0,0,0,0,0,0,0,0,0,0,0,35,334,20.875,0,1,0.0625,0,39.4,2.4625,RyanGrant231,9.542857143,
0,D.J. Chark,WR,16,218.08,0,0,0,0,0,0,0,0,0,0,0,0,0,0,14,174,10.875,0,0,0,1,15.4,0.9625,DJChark232,12.42857143,
0,Nick Foles,QB,16,218.34,141,195,1413,88.3125,10.0212766,7,0.4375,4,9,17,1.0625,0,0,0,0,0,0,0,0,0,2,74.22,4.63875,NickFoles233,1.888888889,
0,Mike Wallace,WR,3,218.41,0,0,0,0,0,0,0,0,0,0,0,0,0,0,0,0,0,0,0,0,0,0,0,MikeWallace234,,
0,Gerald Everett,TE,16,221.02,0,0,0,0,0,0,0,0,2,16,1,0,0,0,33,320,20,0,3,0.1875,0,51.6,3.225,GeraldEverett235,8,9.696969697
0,Rod Smith,RB,16,222.6,0,0,0,0,0,0,0,0,44,127,7.9375,0,1,0.0625,9,60,3.75,0,0,0,0,24.7,1.54375,RodSmith236,2.886363636,6.666666667
0,Phillip Dorsett,WR,16,222.69,0,0,0,0,0,0,0,0,4,29,1.8125,0,0,0,32,290,18.125,0,3,0.1875,0,49.9,3.11875,PhillipDorsett237,7.25,9.0625
0,Jermaine Kearse,WR,16,223.3,0,0,0,0,0,0,0,0,0,0,0,0,0,0,37,371,23.1875,0,1,0.0625,0,43.1,2.69375,JermaineKearse238,10.02702703,
0,Ameer Abdullah,RB,15,224.25,0,0,0,0,0,0,0,0,1,1,0.066666667,0,0,0,3,28,1.866666667,0,0,0,1,0.9,0.06,AmeerAbdullah239,1,9.333333333
0,DeMarco Murray,RB,16,224.81,0,0,0,0,0,0,0,0,184,659,41.1875,0,6,0.375,39,266,16.625,0,1,0.0625,1,132.5,8.28125,DeMarcoMurray240,3.581521739,6.820512821
0,Darren Sproles,RB,16,225.67,0,0,0,0,0,0,0,0,29,120,7.5,0,1,0.0625,15,160,10,0,2,0.125,0,46,2.875,DarrenSproles241,4.137931034,10.66666667
0,Josh McCown,QB,16,225.7,60,110,539,33.6875,8.983333333,1,0.0625,4,5,32,2,0,0,0,0,0,0,0,0,0,0,20.76,1.2975,JoshMcCown242,6.4,
0,Eric Decker,WR,3,225.86,0,0,0,0,0,0,0,0,0,0,0,0,0,0,2,12,4,0,0,0,0,1.2,0.4,EricDecker243,6,
0,Keke Coutee,WR,16,226.98,0,0,0,0,0,0,0,0,3,0,0,0,0,0,28,287,17.9375,0,1,0.0625,0,34.7,2.16875,KekeCoutee244,0,10.25
0,Tavon Austin,WR,16,231.04,0,0,0,0,0,0,0,0,6,55,3.4375,0,0,0,8,140,8.75,0,2,0.125,0,31.5,1.96875,TavonAustin245,9.166666667,17.5
0,Luke Willson,TE,16,231.92,0,0,0,0,0,0,0,0,0,0,0,0,0,0,13,87,5.4375,0,0,0,0,8.7,0.54375,LukeWillson246,6.692307692,
0,Equanimeous St. Brown,WR,16,232.27,0,0,0,0,0,0,0,0,1,5,0.3125,0,0,0,21,328,20.5,0,0,0,0,33.3,2.08125,EquanimeousStBrown247,5,15.61904762
0,Terrelle Pryor,WR,8,232.92,0,0,0,0,0,0,0,0,1,-1,-0.125,0,0,0,16,252,31.5,0,2,0.25,0,37.1,4.6375,TerrellePryor248,-1,15.75
0,Mason Rudolph,QB,16,233.07,0,0,0,0,0,0,0,0,0,0,0,0,0,0,0,0,0,0,0,0,0,0,0,MasonRudolph249,,
0,Zay Jones,WR,16,233.08,0,0,0,0,0,0,0,0,1,0,0,0,0,0,56,652,40.75,0,7,0.4375,0,107.2,6.7,ZayJones250,0,11.64285714
0,AJ McCarron,QB,16,234.57,1,3,8,0.5,8,0,0,0,3,-2,-0.125,0,0,0,0,0,0,0,0,0,0,0.12,0.0075,AJMcCarron251,-0.666666667,
0,Jaylen Samuels,RB,16,236.74,0,0,0,0,0,0,0,0,56,256,16,0,0,0,26,199,12.4375,0,3,0.1875,0,63.5,3.96875,JaylenSamuels252,4.571428571,7.653846154
0,Elijah McGuire,RB,8,237.02,0,0,0,0,0,0,0,0,92,276,34.5,0,3,0.375,19,193,24.125,0,1,0.125,2,66.9,8.3625,ElijahMcGuire253,3,10.15789474
0,J'Mon Moore,WR,16,237.68,0,0,0,0,0,0,0,0,0,0,0,0,0,0,2,15,0.9375,0,0,0,1,-0.5,-0.03125,JMonMoore254,7.5,
0,DaeSean Hamilton,WR,16,238.37,0,0,0,0,0,0,0,0,0,0,0,0,0,0,30,243,15.1875,0,2,0.125,0,36.3,2.26875,DaeSeanHamilton255,8.1,
0,Mark Andrews,TE,16,238.66,0,0,0,0,0,0,0,0,0,0,0,0,0,0,34,552,34.5,0,3,0.1875,0,73.2,4.575,MarkAndrews256,16.23529412,
0,Ryan Fitzpatrick,QB,16,239.51,164,246,2366,147.875,14.42682927,17,1.0625,12,36,152,9.5,0,2,0.125,0,0,0,0,0,0,1,163.84,10.24,RyanFitzpatrick257,4.222222222,
0,Cordarrelle Patterson,WR,16,240.47,0,0,0,0,0,0,0,0,42,228,14.25,0,1,0.0625,21,247,15.4375,0,3,0.1875,1,69.5,4.34375,CordarrellePatterson258,5.428571429,11.76190476
0,Mark Walton,RB,16,242.26,0,0,0,0,0,0,0,0,14,34,2.125,0,0,0,5,41,2.5625,0,0,0,0,7.5,0.46875,MarkWalton259,2.428571429,8.2
0,Kevin White,WR,16,242.44,0,0,0,0,0,0,0,0,0,0,0,0,0,0,4,92,5.75,0,0,0,0,9.2,0.575,KevinWhite260,23,
0,Justin Jackson,RB,13,244.38,0,0,0,0,0,0,0,0,50,206,15.84615385,0,2,0.153846154,15,135,10.38461538,0,0,0,0,46.1,3.546153846,JustinJackson261,4.12,9
0,Brandon Marshall,WR,11,244.46,0,0,0,0,0,0,0,0,0,0,0,0,0,0,11,136,12.36363636,0,1,0.090909091,0,19.6,1.781818182,BrandonMarshall262,12.36363636,
0,Willie Snead,WR,16,245.22,0,0,0,0,0,0,0,0,1,13,0.8125,0,0,0,62,651,40.6875,0,1,0.0625,0,72.4,4.525,WillieSnead263,13,10.5
0,Ryan Francis Griffin,TE,16,246.24,0,0,0,0,0,0,0,0,0,0,0,0,0,0,24,305,19.0625,0,0,0,0,30.5,1.90625,RyanGriffin264,12.70833333,
0,Wayne Gallman,RB,16,247.1,0,0,0,0,0,0,0,0,51,176,11,0,1,0.0625,14,89,5.5625,0,0,0,1,30.5,1.90625,WayneGallman265,3.450980392,6.357142857
0,Adam Shaheen,TE,7,247.17,0,0,0,0,0,0,0,0,0,0,0,0,0,0,5,48,6.857142857,0,1,0.142857143,0,10.8,1.542857143,AdamShaheen266,9.6,
0,Teddy Bridgewater,QB,16,247.93,14,23,118,7.375,8.428571429,1,0.0625,1,11,5,0.3125,0,0,0,0,0,0,0,0,0,0,7.22,0.45125,TeddyBridgewater267,0.454545455,
0,Virgil Green,TE,16,248.32,0,0,0,0,0,0,0,0,0,0,0,0,0,0,19,210,13.125,0,1,0.0625,0,27,1.6875,VirgilGreen268,11.05263158,
0,Jesse James,TE,16,248.55,0,0,0,0,0,0,0,0,0,0,0,0,0,0,30,423,26.4375,0,2,0.125,0,54.3,3.39375,JesseJames269,14.1,
0,Ed Dickson,TE,10,250.29,0,0,0,0,0,0,0,0,1,9,0.9,0,0,0,12,143,14.3,0,3,0.3,0,33.2,3.32,EdDickson270,9,11.91666667
0,Adam Humphries,WR,16,251.38,0,0,0,0,0,0,0,0,2,11,0.6875,0,0,0,76,816,51,0,5,0.3125,0,112.7,7.04375,AdamHumphries271,5.5,10.73684211
0,Travis Benjamin,WR,16,251.71,0,0,0,0,0,0,0,0,7,41,2.5625,0,0,0,12,186,11.625,0,1,0.0625,0,28.7,1.79375,TravisBenjamin272,5.857142857,15.5
0,Jacoby Brissett,QB,16,251.88,2,4,2,0.125,1,0,0,0,7,-7,-0.4375,0,0,0,0,0,0,0,0,0,0,-0.62,-0.03875,JacobyBrissett273,-1,
0,Bo Scarbrough,RB,2,254.06,0,0,0,0,0,0,0,0,0,0,0,0,0,0,0,0,0,0,0,0,0,0,0,BoScarbrough274,,
0,Curtis Samuel,WR,16,254.13,0,0,0,0,0,0,0,0,8,84,5.25,0,2,0.125,39,494,30.875,0,5,0.3125,1,97.8,6.1125,CurtisSamuel275,10.5,12.66666667
0,Trent Taylor,WR,16,255.63,0,0,0,0,0,0,0,0,0,0,0,0,0,0,26,215,13.4375,0,1,0.0625,0,27.5,1.71875,TrentTaylor276,8.269230769,
0,Laquon Treadwell,WR,16,257.2,0,0,0,0,0,0,0,0,0,0,0,0,0,0,35,302,18.875,0,1,0.0625,0,36.2,2.2625,LaquonTreadwell277,8.628571429,
0,Taylor Gabriel,WR,16,257.39,0,0,0,0,0,0,0,0,9,61,3.8125,0,0,0,67,688,43,0,2,0.125,1,84.9,5.30625,TaylorGabriel278,6.777777778,10.26865672
0,Jonathan Williams,RB,9,257.9,0,0,0,0,0,0,0,0,3,0,0,0,0,0,1,1,0.111111111,0,0,0,0,0.1,0.011111111,JonathanWilliams279,0,1
0,Blake Jarwin,TE,16,259.68,0,0,0,0,0,0,0,0,0,0,0,0,0,0,27,307,19.1875,0,3,0.1875,0,48.7,3.04375,BlakeJarwin280,11.37037037,
0,Ian Thomas,TE,16,261.58,0,0,0,0,0,0,0,0,0,0,0,0,0,0,36,333,20.8125,0,2,0.125,0,45.3,2.83125,IanThomas281,9.25,
0,Alfred Blue,RB,16,261.88,0,0,0,0,0,0,0,0,150,499,31.1875,0,2,0.125,20,154,9.625,0,0,0,0,77.3,4.83125,AlfredBlue282,3.326666667,7.7
0,Boston Scott,RB,3,262.21,0,0,0,0,0,0,0,0,0,0,0,0,0,0,0,0,0,0,0,0,0,0,0,BostonScott283,,
0,Rico Gathers,TE,16,262.28,0,0,0,0,0,0,0,0,0,0,0,0,0,0,3,45,2.8125,0,0,0,0,4.5,0.28125,RicoGathers284,15,
0,Joe Williams,RB,4,264.46,0,0,0,0,0,0,0,0,19,45,11.25,0,1,0.25,4,29,7.25,0,0,0,0,13.4,3.35,JoeWilliams285,2.368421053,7.25
0,Chad Williams,WR,16,264.89,0,0,0,0,0,0,0,0,1,9,0.5625,0,0,0,17,171,10.6875,0,1,0.0625,0,24,1.5,ChadWilliams286,9,10.05882353
0,Chester Rogers,WR,16,267.97,0,0,0,0,0,0,0,0,1,-4,-0.25,0,0,0,53,485,30.3125,0,2,0.125,0,60.1,3.75625,ChesterRogers287,-4,9.150943396
0,Mike Gillislee,RB,4,268.44,0,0,0,0,0,0,0,0,16,43,10.75,0,0,0,1,9,2.25,0,0,0,1,3.2,0.8,MikeGillislee288,2.6875,9
0,Malcolm Mitchell,WR,4,272.97,0,0,0,0,0,0,0,0,16,9,2.25,0,0,0,1,43,10.75,0,0,0,1,3.2,0.8,MalcolmMitchell289,0.5625,43
0,Jaron Brown,WR,16,276.23,0,0,0,0,0,0,0,0,0,0,0,0,0,0,14,166,10.375,0,5,0.3125,0,46.6,2.9125,JaronBrown290,11.85714286,
0,Jordan Akins,TE,16,277.98,0,0,0,0,0,0,0,0,0,0,0,0,0,0,17,225,14.0625,0,0,0,0,22.5,1.40625,JordanAkins291,13.23529412,
0,Stephen Anderson,TE,3,280.83,0,0,0,0,0,0,0,0,0,0,0,0,0,0,0,0,0,0,0,0,0,0,0,StephenAnderson292,,
0,Torrey Smith,WR,16,281.74,0,0,0,0,0,0,0,0,0,0,0,0,0,0,17,190,11.875,0,2,0.125,0,31,1.9375,TorreySmith293,11.17647059,
0,Josh Adams,RB,14,282.6,0,0,0,0,0,0,0,0,120,511,36.5,0,3,0.214285714,7,58,4.142857143,0,0,0,1,72.9,5.207142857,JoshAdams294,4.258333333,8.285714286
0,Tyler Higbee,TE,16,287.01,0,0,0,0,0,0,0,0,0,0,0,0,0,0,24,292,18.25,0,2,0.125,0,41.2,2.575,TylerHigbee295,12.16666667,
0,Jalen Richard,RB,16,289.3,0,0,0,0,0,0,0,0,55,259,16.1875,0,1,0.0625,68,607,37.9375,0,0,0,2,88.6,5.5375,JalenRichard296,4.709090909,8.926470588
0,Marquez Valdes-Scantling,WR,16,289.5,0,0,0,0,0,0,0,0,2,29,1.8125,0,0,0,38,581,36.3125,0,2,0.125,0,73,4.5625,MarquezValdesScantling297,14.5,15.28947368
0,J.J. Nelson,WR,16,291.01,0,0,0,0,0,0,0,0,4,0,0,0,0,0,7,64,4,0,0,0,0,6.4,0.4,JJNelson298,0,9.142857143
0,Brice Butler,WR,11,292.31,0,0,0,0,0,0,0,0,0,0,0,0,0,0,6,60,5.454545455,0,1,0.090909091,0,12,1.090909091,BriceButler299,10,
